"","1st_network","Region","cluster","Bridgeness","freq"
"1","DMN","Angular_L_1","23","Global_Bridge",0.227272727272727
"2","DMN","Angular_L_1","23","Local_Bridge",0.0454545454545455
"3","DMN","Angular_L_1","23","Not_a_Bridge",0.136363636363636
"4","DMN","Angular_L_1","23","Super_Bridge",0.590909090909091
"5","DMN","Angular_L_1","56","Global_Bridge",1e-05
"6","DMN","Angular_L_1","56","Local_Bridge",0.142855714285714
"7","DMN","Angular_L_1","56","Not_a_Bridge",0.214283571428571
"8","DMN","Angular_L_1","56","Super_Bridge",0.642850714285714
"9","SMN","Cerebelum_6_R","23","Global_Bridge",0.0833333333333333
"10","SMN","Cerebelum_6_R","23","Local_Bridge",0.25
"11","SMN","Cerebelum_6_R","23","Not_a_Bridge",0.166666666666667
"12","SMN","Cerebelum_6_R","23","Super_Bridge",0.5
"13","SMN","Cerebelum_6_R","56","Global_Bridge",1e-05
"14","SMN","Cerebelum_6_R","56","Local_Bridge",0.599994
"15","SMN","Cerebelum_6_R","56","Not_a_Bridge",0.099999
"16","SMN","Cerebelum_6_R","56","Super_Bridge",0.299997
"17","DMN","Cerebelum_Crus1_R_1","23","Global_Bridge",0.0909090909090909
"18","DMN","Cerebelum_Crus1_R_1","23","Local_Bridge",0.181818181818182
"19","DMN","Cerebelum_Crus1_R_1","23","Not_a_Bridge",0.545454545454545
"20","DMN","Cerebelum_Crus1_R_1","23","Super_Bridge",0.181818181818182
"21","DMN","Cerebelum_Crus1_R_1","56","Global_Bridge",0.142857142857143
"22","DMN","Cerebelum_Crus1_R_1","56","Local_Bridge",0.142857142857143
"23","DMN","Cerebelum_Crus1_R_1","56","Not_a_Bridge",0.428571428571429
"24","DMN","Cerebelum_Crus1_R_1","56","Super_Bridge",0.285714285714286
"25","FPN","Cerebelum_Crus1_R_2","23","Global_Bridge",0.142857142857143
"26","FPN","Cerebelum_Crus1_R_2","23","Local_Bridge",0.357142857142857
"27","FPN","Cerebelum_Crus1_R_2","23","Not_a_Bridge",0.214285714285714
"28","FPN","Cerebelum_Crus1_R_2","23","Super_Bridge",0.285714285714286
"29","FPN","Cerebelum_Crus1_R_2","56","Global_Bridge",0.12499875
"30","FPN","Cerebelum_Crus1_R_2","56","Local_Bridge",0.2499975
"31","FPN","Cerebelum_Crus1_R_2","56","Not_a_Bridge",0.62499375
"32","FPN","Cerebelum_Crus1_R_2","56","Super_Bridge",1e-05
"33","FPN","Cerebelum_Crus2_R","23","Global_Bridge",0.11111
"34","FPN","Cerebelum_Crus2_R","23","Local_Bridge",0.33333
"35","FPN","Cerebelum_Crus2_R","23","Not_a_Bridge",1e-05
"36","FPN","Cerebelum_Crus2_R","23","Super_Bridge",0.55555
"37","FPN","Cerebelum_Crus2_R","56","Global_Bridge",0.125
"38","FPN","Cerebelum_Crus2_R","56","Local_Bridge",0.125
"39","FPN","Cerebelum_Crus2_R","56","Not_a_Bridge",0.375
"40","FPN","Cerebelum_Crus2_R","56","Super_Bridge",0.375
"41","DMN","Cingulum_Ant_L_2","23","Global_Bridge",0.285714285714286
"42","DMN","Cingulum_Ant_L_2","23","Local_Bridge",0.214285714285714
"43","DMN","Cingulum_Ant_L_2","23","Not_a_Bridge",0.214285714285714
"44","DMN","Cingulum_Ant_L_2","23","Super_Bridge",0.285714285714286
"45","DMN","Cingulum_Ant_L_2","56","Global_Bridge",1e-05
"46","DMN","Cingulum_Ant_L_2","56","Local_Bridge",0.499995
"47","DMN","Cingulum_Ant_L_2","56","Not_a_Bridge",0.12499875
"48","DMN","Cingulum_Ant_L_2","56","Super_Bridge",0.37499625
"49","CON","Cingulum_Ant_L_3","23","Global_Bridge",0.222222222222222
"50","CON","Cingulum_Ant_L_3","23","Local_Bridge",0.0555555555555556
"51","CON","Cingulum_Ant_L_3","23","Not_a_Bridge",0.0555555555555556
"52","CON","Cingulum_Ant_L_3","23","Super_Bridge",0.666666666666667
"53","CON","Cingulum_Ant_L_3","56","Global_Bridge",0.214285714285714
"54","CON","Cingulum_Ant_L_3","56","Local_Bridge",0.0714285714285714
"55","CON","Cingulum_Ant_L_3","56","Not_a_Bridge",0.142857142857143
"56","CON","Cingulum_Ant_L_3","56","Super_Bridge",0.571428571428571
"57","CON","Cingulum_Ant_L_4","23","Global_Bridge",0.307692307692308
"58","CON","Cingulum_Ant_L_4","23","Local_Bridge",0.0769230769230769
"59","CON","Cingulum_Ant_L_4","23","Not_a_Bridge",0.461538461538462
"60","CON","Cingulum_Ant_L_4","23","Super_Bridge",0.153846153846154
"61","CON","Cingulum_Ant_L_4","56","Global_Bridge",0.2
"62","CON","Cingulum_Ant_L_4","56","Local_Bridge",0.1
"63","CON","Cingulum_Ant_L_4","56","Not_a_Bridge",0.5
"64","CON","Cingulum_Ant_L_4","56","Super_Bridge",0.2
"65","CON","Cingulum_Ant_L_5","23","Global_Bridge",0.315786315789474
"66","CON","Cingulum_Ant_L_5","23","Local_Bridge",1e-05
"67","CON","Cingulum_Ant_L_5","23","Not_a_Bridge",0.105262105263158
"68","CON","Cingulum_Ant_L_5","23","Super_Bridge",0.578941578947368
"69","CON","Cingulum_Ant_L_5","56","Global_Bridge",0.0714285714285714
"70","CON","Cingulum_Ant_L_5","56","Local_Bridge",0.0714285714285714
"71","CON","Cingulum_Ant_L_5","56","Not_a_Bridge",0.0714285714285714
"72","CON","Cingulum_Ant_L_5","56","Super_Bridge",0.785714285714286
"73","CON","Cingulum_Ant_R_2","23","Global_Bridge",0.375
"74","CON","Cingulum_Ant_R_2","23","Local_Bridge",0.0625
"75","CON","Cingulum_Ant_R_2","23","Not_a_Bridge",0.5
"76","CON","Cingulum_Ant_R_2","23","Super_Bridge",0.0625
"77","CON","Cingulum_Ant_R_2","56","Global_Bridge",0.399996
"78","CON","Cingulum_Ant_R_2","56","Local_Bridge",1e-05
"79","CON","Cingulum_Ant_R_2","56","Not_a_Bridge",0.399996
"80","CON","Cingulum_Ant_R_2","56","Super_Bridge",0.199998
"81","SMN","Cingulum_Mid_L_1","23","Global_Bridge",0.142857142857143
"82","SMN","Cingulum_Mid_L_1","23","Local_Bridge",0.0714285714285714
"83","SMN","Cingulum_Mid_L_1","23","Not_a_Bridge",0.571428571428571
"84","SMN","Cingulum_Mid_L_1","23","Super_Bridge",0.214285714285714
"85","SMN","Cingulum_Mid_L_1","56","Global_Bridge",0.125
"86","SMN","Cingulum_Mid_L_1","56","Local_Bridge",0.125
"87","SMN","Cingulum_Mid_L_1","56","Not_a_Bridge",0.375
"88","SMN","Cingulum_Mid_L_1","56","Super_Bridge",0.375
"89","CON","Cingulum_Mid_L_2","23","Global_Bridge",0.545454545454545
"90","CON","Cingulum_Mid_L_2","23","Local_Bridge",0.0909090909090909
"91","CON","Cingulum_Mid_L_2","23","Not_a_Bridge",0.181818181818182
"92","CON","Cingulum_Mid_L_2","23","Super_Bridge",0.181818181818182
"93","CON","Cingulum_Mid_L_2","56","Global_Bridge",0.2
"94","CON","Cingulum_Mid_L_2","56","Local_Bridge",0.133333333333333
"95","CON","Cingulum_Mid_L_2","56","Not_a_Bridge",0.333333333333333
"96","CON","Cingulum_Mid_L_2","56","Super_Bridge",0.333333333333333
"97","DMN","Cingulum_Mid_L_3","23","Global_Bridge",0.133333333333333
"98","DMN","Cingulum_Mid_L_3","23","Local_Bridge",0.133333333333333
"99","DMN","Cingulum_Mid_L_3","23","Not_a_Bridge",0.2
"100","DMN","Cingulum_Mid_L_3","23","Super_Bridge",0.533333333333333
"101","DMN","Cingulum_Mid_L_3","56","Global_Bridge",0.230769230769231
"102","DMN","Cingulum_Mid_L_3","56","Local_Bridge",0.0769230769230769
"103","DMN","Cingulum_Mid_L_3","56","Not_a_Bridge",0.153846153846154
"104","DMN","Cingulum_Mid_L_3","56","Super_Bridge",0.538461538461538
"105","CON","Cingulum_Mid_R_3","23","Global_Bridge",0.347822608695652
"106","CON","Cingulum_Mid_R_3","23","Local_Bridge",1e-05
"107","CON","Cingulum_Mid_R_3","23","Not_a_Bridge",0.304344782608696
"108","CON","Cingulum_Mid_R_3","23","Super_Bridge",0.347822608695652
"109","CON","Cingulum_Mid_R_3","56","Global_Bridge",0.153844615384615
"110","CON","Cingulum_Mid_R_3","56","Local_Bridge",1e-05
"111","CON","Cingulum_Mid_R_3","56","Not_a_Bridge",0.153844615384615
"112","CON","Cingulum_Mid_R_3","56","Super_Bridge",0.692300769230769
"113","DMN","Cingulum_Post_L","23","Global_Bridge",0.2499975
"114","DMN","Cingulum_Post_L","23","Local_Bridge",1e-05
"115","DMN","Cingulum_Post_L","23","Not_a_Bridge",0.4166625
"116","DMN","Cingulum_Post_L","23","Super_Bridge",0.33333
"117","DMN","Cingulum_Post_L","56","Global_Bridge",1e-05
"118","DMN","Cingulum_Post_L","56","Local_Bridge",0.499995
"119","DMN","Cingulum_Post_L","56","Not_a_Bridge",0.166665
"120","DMN","Cingulum_Post_L","56","Super_Bridge",0.33333
"121","DMN","Frontal_Inf_Orb_R_2","23","Global_Bridge",0.1
"122","DMN","Frontal_Inf_Orb_R_2","23","Local_Bridge",0.3
"123","DMN","Frontal_Inf_Orb_R_2","23","Not_a_Bridge",0.2
"124","DMN","Frontal_Inf_Orb_R_2","23","Super_Bridge",0.4
"125","DMN","Frontal_Inf_Orb_R_2","56","Global_Bridge",1e-05
"126","DMN","Frontal_Inf_Orb_R_2","56","Local_Bridge",0.599994
"127","DMN","Frontal_Inf_Orb_R_2","56","Not_a_Bridge",0.099999
"128","DMN","Frontal_Inf_Orb_R_2","56","Super_Bridge",0.299997
"129","Language","Frontal_Inf_Tri_L_1","23","Global_Bridge",0.105263157894737
"130","Language","Frontal_Inf_Tri_L_1","23","Local_Bridge",0.0526315789473684
"131","Language","Frontal_Inf_Tri_L_1","23","Not_a_Bridge",0.263157894736842
"132","Language","Frontal_Inf_Tri_L_1","23","Super_Bridge",0.578947368421053
"133","Language","Frontal_Inf_Tri_L_1","56","Global_Bridge",0.153844615384615
"134","Language","Frontal_Inf_Tri_L_1","56","Local_Bridge",1e-05
"135","Language","Frontal_Inf_Tri_L_1","56","Not_a_Bridge",0.461533846153846
"136","Language","Frontal_Inf_Tri_L_1","56","Super_Bridge",0.384611538461539
"137","FPN","Frontal_Inf_Tri_L_2","23","Global_Bridge",0.133333333333333
"138","FPN","Frontal_Inf_Tri_L_2","23","Local_Bridge",0.333333333333333
"139","FPN","Frontal_Inf_Tri_L_2","23","Not_a_Bridge",0.266666666666667
"140","FPN","Frontal_Inf_Tri_L_2","23","Super_Bridge",0.266666666666667
"141","FPN","Frontal_Inf_Tri_L_2","56","Global_Bridge",0.0833325
"142","FPN","Frontal_Inf_Tri_L_2","56","Local_Bridge",1e-05
"143","FPN","Frontal_Inf_Tri_L_2","56","Not_a_Bridge",0.33333
"144","FPN","Frontal_Inf_Tri_L_2","56","Super_Bridge",0.5833275
"145","Language","Frontal_Inf_Tri_L_3","23","Global_Bridge",0.210526315789474
"146","Language","Frontal_Inf_Tri_L_3","23","Local_Bridge",0.157894736842105
"147","Language","Frontal_Inf_Tri_L_3","23","Not_a_Bridge",0.157894736842105
"148","Language","Frontal_Inf_Tri_L_3","23","Super_Bridge",0.473684210526316
"149","Language","Frontal_Inf_Tri_L_3","56","Global_Bridge",0.142857142857143
"150","Language","Frontal_Inf_Tri_L_3","56","Local_Bridge",0.142857142857143
"151","Language","Frontal_Inf_Tri_L_3","56","Not_a_Bridge",0.214285714285714
"152","Language","Frontal_Inf_Tri_L_3","56","Super_Bridge",0.5
"153","FPN","Frontal_Inf_Tri_R_2","23","Global_Bridge",0.266666666666667
"154","FPN","Frontal_Inf_Tri_R_2","23","Local_Bridge",0.4
"155","FPN","Frontal_Inf_Tri_R_2","23","Not_a_Bridge",0.0666666666666667
"156","FPN","Frontal_Inf_Tri_R_2","23","Super_Bridge",0.266666666666667
"157","FPN","Frontal_Inf_Tri_R_2","56","Global_Bridge",1e-05
"158","FPN","Frontal_Inf_Tri_R_2","56","Local_Bridge",0.363632727272727
"159","FPN","Frontal_Inf_Tri_R_2","56","Not_a_Bridge",0.0909081818181818
"160","FPN","Frontal_Inf_Tri_R_2","56","Super_Bridge",0.545449090909091
"161","DMN","Frontal_Mid_L_1","23","Global_Bridge",0.12499875
"162","DMN","Frontal_Mid_L_1","23","Local_Bridge",1e-05
"163","DMN","Frontal_Mid_L_1","23","Not_a_Bridge",0.37499625
"164","DMN","Frontal_Mid_L_1","23","Super_Bridge",0.499995
"165","DMN","Frontal_Mid_L_1","56","Global_Bridge",0.0909081818181818
"166","DMN","Frontal_Mid_L_1","56","Local_Bridge",0.0909081818181818
"167","DMN","Frontal_Mid_L_1","56","Not_a_Bridge",1e-05
"168","DMN","Frontal_Mid_L_1","56","Super_Bridge",0.818173636363636
"169","CON","Frontal_Mid_L_2","23","Global_Bridge",0.157894736842105
"170","CON","Frontal_Mid_L_2","23","Local_Bridge",0.157894736842105
"171","CON","Frontal_Mid_L_2","23","Not_a_Bridge",0.263157894736842
"172","CON","Frontal_Mid_L_2","23","Super_Bridge",0.421052631578947
"173","CON","Frontal_Mid_L_2","56","Global_Bridge",0.1
"174","CON","Frontal_Mid_L_2","56","Local_Bridge",0.1
"175","CON","Frontal_Mid_L_2","56","Not_a_Bridge",0.1
"176","CON","Frontal_Mid_L_2","56","Super_Bridge",0.7
"177","FPN","Frontal_Mid_L_3","23","Global_Bridge",0.277777777777778
"178","FPN","Frontal_Mid_L_3","23","Local_Bridge",0.0555555555555556
"179","FPN","Frontal_Mid_L_3","23","Not_a_Bridge",0.333333333333333
"180","FPN","Frontal_Mid_L_3","23","Super_Bridge",0.333333333333333
"181","FPN","Frontal_Mid_L_3","56","Global_Bridge",0.1
"182","FPN","Frontal_Mid_L_3","56","Local_Bridge",0.2
"183","FPN","Frontal_Mid_L_3","56","Not_a_Bridge",0.5
"184","FPN","Frontal_Mid_L_3","56","Super_Bridge",0.2
"185","DMN","Frontal_Mid_L_4","23","Global_Bridge",0.214283571428571
"186","DMN","Frontal_Mid_L_4","23","Local_Bridge",1e-05
"187","DMN","Frontal_Mid_L_4","23","Not_a_Bridge",0.214283571428571
"188","DMN","Frontal_Mid_L_4","23","Super_Bridge",0.571422857142857
"189","DMN","Frontal_Mid_L_4","56","Global_Bridge",0.25
"190","DMN","Frontal_Mid_L_4","56","Local_Bridge",0.375
"191","DMN","Frontal_Mid_L_4","56","Not_a_Bridge",0.25
"192","DMN","Frontal_Mid_L_4","56","Super_Bridge",0.125
"193","CON","Frontal_Mid_L_5","23","Global_Bridge",0.153846153846154
"194","CON","Frontal_Mid_L_5","23","Local_Bridge",0.153846153846154
"195","CON","Frontal_Mid_L_5","23","Not_a_Bridge",0.384615384615385
"196","CON","Frontal_Mid_L_5","23","Super_Bridge",0.307692307692308
"197","CON","Frontal_Mid_L_5","56","Global_Bridge",0.125
"198","CON","Frontal_Mid_L_5","56","Local_Bridge",0.125
"199","CON","Frontal_Mid_L_5","56","Not_a_Bridge",0.5
"200","CON","Frontal_Mid_L_5","56","Super_Bridge",0.25
"201","FPN","Frontal_Mid_Orb_L_1","23","Global_Bridge",0.0714285714285714
"202","FPN","Frontal_Mid_Orb_L_1","23","Local_Bridge",0.285714285714286
"203","FPN","Frontal_Mid_Orb_L_1","23","Not_a_Bridge",0.5
"204","FPN","Frontal_Mid_Orb_L_1","23","Super_Bridge",0.142857142857143
"205","FPN","Frontal_Mid_Orb_L_1","56","Global_Bridge",1e-05
"206","FPN","Frontal_Mid_Orb_L_1","56","Local_Bridge",0.307689230769231
"207","FPN","Frontal_Mid_Orb_L_1","56","Not_a_Bridge",0.538456153846154
"208","FPN","Frontal_Mid_Orb_L_1","56","Super_Bridge",0.153844615384615
"209","FPN","Frontal_Mid_Orb_L_2","23","Global_Bridge",0.0625
"210","FPN","Frontal_Mid_Orb_L_2","23","Local_Bridge",0.1875
"211","FPN","Frontal_Mid_Orb_L_2","23","Not_a_Bridge",0.375
"212","FPN","Frontal_Mid_Orb_L_2","23","Super_Bridge",0.375
"213","FPN","Frontal_Mid_Orb_L_2","56","Global_Bridge",1e-05
"214","FPN","Frontal_Mid_Orb_L_2","56","Local_Bridge",0.12499875
"215","FPN","Frontal_Mid_Orb_L_2","56","Not_a_Bridge",0.499995
"216","FPN","Frontal_Mid_Orb_L_2","56","Super_Bridge",0.37499625
"217","CON","Frontal_Sup_L_1","23","Global_Bridge",0.421052631578947
"218","CON","Frontal_Sup_L_1","23","Local_Bridge",0.105263157894737
"219","CON","Frontal_Sup_L_1","23","Not_a_Bridge",0.263157894736842
"220","CON","Frontal_Sup_L_1","23","Super_Bridge",0.210526315789474
"221","CON","Frontal_Sup_L_1","56","Global_Bridge",0.444444444444444
"222","CON","Frontal_Sup_L_1","56","Local_Bridge",0.222222222222222
"223","CON","Frontal_Sup_L_1","56","Not_a_Bridge",0.111111111111111
"224","CON","Frontal_Sup_L_1","56","Super_Bridge",0.222222222222222
"225","DMN","Frontal_Sup_L_2","23","Global_Bridge",0.238095238095238
"226","DMN","Frontal_Sup_L_2","23","Local_Bridge",0.0476190476190476
"227","DMN","Frontal_Sup_L_2","23","Not_a_Bridge",0.333333333333333
"228","DMN","Frontal_Sup_L_2","23","Super_Bridge",0.380952380952381
"229","DMN","Frontal_Sup_L_2","56","Global_Bridge",1e-05
"230","DMN","Frontal_Sup_L_2","56","Local_Bridge",0.181816363636364
"231","DMN","Frontal_Sup_L_2","56","Not_a_Bridge",0.454540909090909
"232","DMN","Frontal_Sup_L_2","56","Super_Bridge",0.363632727272727
"233","DMN","Frontal_Sup_L_4","23","Global_Bridge",0.260869565217391
"234","DMN","Frontal_Sup_L_4","23","Local_Bridge",0.0869565217391304
"235","DMN","Frontal_Sup_L_4","23","Not_a_Bridge",0.391304347826087
"236","DMN","Frontal_Sup_L_4","23","Super_Bridge",0.260869565217391
"237","DMN","Frontal_Sup_L_4","56","Global_Bridge",0.142857142857143
"238","DMN","Frontal_Sup_L_4","56","Local_Bridge",0.0714285714285714
"239","DMN","Frontal_Sup_L_4","56","Not_a_Bridge",0.214285714285714
"240","DMN","Frontal_Sup_L_4","56","Super_Bridge",0.571428571428571
"241","CON","Frontal_Sup_L_6","23","Global_Bridge",0.25
"242","CON","Frontal_Sup_L_6","23","Local_Bridge",0.0833333333333333
"243","CON","Frontal_Sup_L_6","23","Not_a_Bridge",0.166666666666667
"244","CON","Frontal_Sup_L_6","23","Super_Bridge",0.5
"245","CON","Frontal_Sup_L_6","56","Global_Bridge",0.3
"246","CON","Frontal_Sup_L_6","56","Local_Bridge",0.1
"247","CON","Frontal_Sup_L_6","56","Not_a_Bridge",0.2
"248","CON","Frontal_Sup_L_6","56","Super_Bridge",0.4
"249","FPN","Frontal_Sup_Medial_L_4","23","Global_Bridge",0.263155263157895
"250","FPN","Frontal_Sup_Medial_L_4","23","Local_Bridge",1e-05
"251","FPN","Frontal_Sup_Medial_L_4","23","Not_a_Bridge",0.0526310526315789
"252","FPN","Frontal_Sup_Medial_L_4","23","Super_Bridge",0.684203684210526
"253","FPN","Frontal_Sup_Medial_L_4","56","Global_Bridge",0.214285714285714
"254","FPN","Frontal_Sup_Medial_L_4","56","Local_Bridge",0.0714285714285714
"255","FPN","Frontal_Sup_Medial_L_4","56","Not_a_Bridge",0.0714285714285714
"256","FPN","Frontal_Sup_Medial_L_4","56","Super_Bridge",0.642857142857143
"257","DMN","Frontal_Sup_Medial_R_4","23","Global_Bridge",0.142857142857143
"258","DMN","Frontal_Sup_Medial_R_4","23","Local_Bridge",0.142857142857143
"259","DMN","Frontal_Sup_Medial_R_4","23","Not_a_Bridge",0.142857142857143
"260","DMN","Frontal_Sup_Medial_R_4","23","Super_Bridge",0.571428571428571
"261","DMN","Frontal_Sup_Medial_R_4","56","Global_Bridge",0.0909090909090909
"262","DMN","Frontal_Sup_Medial_R_4","56","Local_Bridge",0.181818181818182
"263","DMN","Frontal_Sup_Medial_R_4","56","Not_a_Bridge",0.272727272727273
"264","DMN","Frontal_Sup_Medial_R_4","56","Super_Bridge",0.454545454545455
"265","SMN","Frontal_Sup_R_1","23","Global_Bridge",1e-05
"266","SMN","Frontal_Sup_R_1","23","Local_Bridge",0.2499975
"267","SMN","Frontal_Sup_R_1","23","Not_a_Bridge",0.33333
"268","SMN","Frontal_Sup_R_1","23","Super_Bridge",0.4166625
"269","SMN","Frontal_Sup_R_1","56","Global_Bridge",0.49999
"270","SMN","Frontal_Sup_R_1","56","Local_Bridge",1e-05
"271","SMN","Frontal_Sup_R_1","56","Not_a_Bridge",0.49999
"272","SMN","Frontal_Sup_R_1","56","Super_Bridge",1e-05
"273","DMN","Frontal_Sup_R_2","23","Global_Bridge",0.333333333333333
"274","DMN","Frontal_Sup_R_2","23","Local_Bridge",0.0666666666666667
"275","DMN","Frontal_Sup_R_2","23","Not_a_Bridge",0.333333333333333
"276","DMN","Frontal_Sup_R_2","23","Super_Bridge",0.266666666666667
"277","DMN","Frontal_Sup_R_2","56","Global_Bridge",1e-05
"278","DMN","Frontal_Sup_R_2","56","Local_Bridge",0.099999
"279","DMN","Frontal_Sup_R_2","56","Not_a_Bridge",0.599994
"280","DMN","Frontal_Sup_R_2","56","Super_Bridge",0.299997
"281","DMN","Frontal_Sup_R_3","23","Global_Bridge",0.0769230769230769
"282","DMN","Frontal_Sup_R_3","23","Local_Bridge",0.0769230769230769
"283","DMN","Frontal_Sup_R_3","23","Not_a_Bridge",0.615384615384615
"284","DMN","Frontal_Sup_R_3","23","Super_Bridge",0.230769230769231
"285","DMN","Frontal_Sup_R_3","56","Global_Bridge",1e-05
"286","DMN","Frontal_Sup_R_3","56","Local_Bridge",1e-05
"287","DMN","Frontal_Sup_R_3","56","Not_a_Bridge",0.333326666666667
"288","DMN","Frontal_Sup_R_3","56","Super_Bridge",0.666653333333333
"289","DMN","Frontal_Sup_R_4","23","Global_Bridge",0.1875
"290","DMN","Frontal_Sup_R_4","23","Local_Bridge",0.1875
"291","DMN","Frontal_Sup_R_4","23","Not_a_Bridge",0.25
"292","DMN","Frontal_Sup_R_4","23","Super_Bridge",0.375
"293","DMN","Frontal_Sup_R_4","56","Global_Bridge",1e-05
"294","DMN","Frontal_Sup_R_4","56","Local_Bridge",0.099999
"295","DMN","Frontal_Sup_R_4","56","Not_a_Bridge",0.199998
"296","DMN","Frontal_Sup_R_4","56","Super_Bridge",0.699993
"297","VMM","Fusiform_L_1","23","Global_Bridge",1e-05
"298","VMM","Fusiform_L_1","23","Local_Bridge",0.499995
"299","VMM","Fusiform_L_1","23","Not_a_Bridge",0.199998
"300","VMM","Fusiform_L_1","23","Super_Bridge",0.299997
"301","VMM","Fusiform_L_1","56","Global_Bridge",0.0909090909090909
"302","VMM","Fusiform_L_1","56","Local_Bridge",0.545454545454545
"303","VMM","Fusiform_L_1","56","Not_a_Bridge",0.181818181818182
"304","VMM","Fusiform_L_1","56","Super_Bridge",0.181818181818182
"305","DAN","Fusiform_L_2","23","Global_Bridge",1e-05
"306","DAN","Fusiform_L_2","23","Local_Bridge",0.384611538461539
"307","DAN","Fusiform_L_2","23","Not_a_Bridge",0.153844615384615
"308","DAN","Fusiform_L_2","23","Super_Bridge",0.461533846153846
"309","DAN","Fusiform_L_2","56","Global_Bridge",1e-05
"310","DAN","Fusiform_L_2","56","Local_Bridge",0.571422857142857
"311","DAN","Fusiform_L_2","56","Not_a_Bridge",0.142855714285714
"312","DAN","Fusiform_L_2","56","Super_Bridge",0.285711428571429
"313","VMM","Fusiform_L_3","23","Global_Bridge",0.0555555555555556
"314","VMM","Fusiform_L_3","23","Local_Bridge",0.5
"315","VMM","Fusiform_L_3","23","Not_a_Bridge",0.222222222222222
"316","VMM","Fusiform_L_3","23","Super_Bridge",0.222222222222222
"317","VMM","Fusiform_L_3","56","Global_Bridge",0.166666666666667
"318","VMM","Fusiform_L_3","56","Local_Bridge",0.333333333333333
"319","VMM","Fusiform_L_3","56","Not_a_Bridge",0.166666666666667
"320","VMM","Fusiform_L_3","56","Super_Bridge",0.333333333333333
"321","VMM","Fusiform_R_3","23","Global_Bridge",1e-05
"322","VMM","Fusiform_R_3","23","Local_Bridge",0.545449090909091
"323","VMM","Fusiform_R_3","23","Not_a_Bridge",0.318178636363636
"324","VMM","Fusiform_R_3","23","Super_Bridge",0.136362272727273
"325","VMM","Fusiform_R_3","56","Global_Bridge",1e-05
"326","VMM","Fusiform_R_3","56","Local_Bridge",0.230766923076923
"327","VMM","Fusiform_R_3","56","Not_a_Bridge",0.461533846153846
"328","VMM","Fusiform_R_3","56","Super_Bridge",0.307689230769231
"329","DMN","Insula_L_1","23","Global_Bridge",1e-05
"330","DMN","Insula_L_1","23","Local_Bridge",0.22222
"331","DMN","Insula_L_1","23","Not_a_Bridge",0.11111
"332","DMN","Insula_L_1","23","Super_Bridge",0.66666
"333","DMN","Insula_L_1","56","Global_Bridge",1e-05
"334","DMN","Insula_L_1","56","Local_Bridge",0.22222
"335","DMN","Insula_L_1","56","Not_a_Bridge",0.22222
"336","DMN","Insula_L_1","56","Super_Bridge",0.55555
"337","FPN","Insula_L_2","23","Global_Bridge",0.277775
"338","FPN","Insula_L_2","23","Local_Bridge",1e-05
"339","FPN","Insula_L_2","23","Not_a_Bridge",0.166665
"340","FPN","Insula_L_2","23","Super_Bridge",0.55555
"341","FPN","Insula_L_2","56","Global_Bridge",0.272724545454545
"342","FPN","Insula_L_2","56","Local_Bridge",0.181816363636364
"343","FPN","Insula_L_2","56","Not_a_Bridge",1e-05
"344","FPN","Insula_L_2","56","Super_Bridge",0.545449090909091
"345","DMN","Insula_R_2","23","Global_Bridge",1e-05
"346","DMN","Insula_R_2","23","Local_Bridge",0.538456153846154
"347","DMN","Insula_R_2","23","Not_a_Bridge",0.230766923076923
"348","DMN","Insula_R_2","23","Super_Bridge",0.230766923076923
"349","DMN","Insula_R_2","56","Global_Bridge",1e-05
"350","DMN","Insula_R_2","56","Local_Bridge",0.7499925
"351","DMN","Insula_R_2","56","Not_a_Bridge",0.0833325
"352","DMN","Insula_R_2","56","Super_Bridge",0.166665
"353","CON","Insula_R_6","23","Global_Bridge",0.2
"354","CON","Insula_R_6","23","Local_Bridge",0.2
"355","CON","Insula_R_6","23","Not_a_Bridge",0.3
"356","CON","Insula_R_6","23","Super_Bridge",0.3
"357","CON","Insula_R_6","56","Global_Bridge",0.22222
"358","CON","Insula_R_6","56","Local_Bridge",0.44444
"359","CON","Insula_R_6","56","Not_a_Bridge",1e-05
"360","CON","Insula_R_6","56","Super_Bridge",0.33333
"361","DMN","Paracentral_Lobule_L_1","23","Global_Bridge",0.0714285714285714
"362","DMN","Paracentral_Lobule_L_1","23","Local_Bridge",0.0714285714285714
"363","DMN","Paracentral_Lobule_L_1","23","Not_a_Bridge",0.0714285714285714
"364","DMN","Paracentral_Lobule_L_1","23","Super_Bridge",0.785714285714286
"365","DMN","Paracentral_Lobule_L_1","56","Global_Bridge",1e-05
"366","DMN","Paracentral_Lobule_L_1","56","Local_Bridge",0.49999
"367","DMN","Paracentral_Lobule_L_1","56","Not_a_Bridge",1e-05
"368","DMN","Paracentral_Lobule_L_1","56","Super_Bridge",0.49999
"369","DMN","Paracentral_Lobule_L_2","23","Global_Bridge",1e-05
"370","DMN","Paracentral_Lobule_L_2","23","Local_Bridge",0.499995
"371","DMN","Paracentral_Lobule_L_2","23","Not_a_Bridge",0.062499375
"372","DMN","Paracentral_Lobule_L_2","23","Super_Bridge",0.437495625
"373","DMN","Paracentral_Lobule_L_2","56","Global_Bridge",0.1
"374","DMN","Paracentral_Lobule_L_2","56","Local_Bridge",0.3
"375","DMN","Paracentral_Lobule_L_2","56","Not_a_Bridge",0.1
"376","DMN","Paracentral_Lobule_L_2","56","Super_Bridge",0.5
"377","DMN","Paracentral_Lobule_L_3","23","Global_Bridge",1e-05
"378","DMN","Paracentral_Lobule_L_3","23","Local_Bridge",0.615372307692308
"379","DMN","Paracentral_Lobule_L_3","23","Not_a_Bridge",1e-05
"380","DMN","Paracentral_Lobule_L_3","23","Super_Bridge",0.384607692307692
"381","DMN","Paracentral_Lobule_L_3","56","Global_Bridge",1e-05
"382","DMN","Paracentral_Lobule_L_3","56","Local_Bridge",0.49999
"383","DMN","Paracentral_Lobule_L_3","56","Not_a_Bridge",0.49999
"384","DMN","Paracentral_Lobule_L_3","56","Super_Bridge",1e-05
"385","SMN","ParaHippocampal_L_1","23","Global_Bridge",0.176470588235294
"386","SMN","ParaHippocampal_L_1","23","Local_Bridge",0.117647058823529
"387","SMN","ParaHippocampal_L_1","23","Not_a_Bridge",0.529411764705882
"388","SMN","ParaHippocampal_L_1","23","Super_Bridge",0.176470588235294
"389","SMN","ParaHippocampal_L_1","56","Global_Bridge",0.0909081818181818
"390","SMN","ParaHippocampal_L_1","56","Local_Bridge",0.0909081818181818
"391","SMN","ParaHippocampal_L_1","56","Not_a_Bridge",0.818173636363636
"392","SMN","ParaHippocampal_L_1","56","Super_Bridge",1e-05
"393","SMN","ParaHippocampal_L_2","23","Global_Bridge",0.0714285714285714
"394","SMN","ParaHippocampal_L_2","23","Local_Bridge",0.285714285714286
"395","SMN","ParaHippocampal_L_2","23","Not_a_Bridge",0.285714285714286
"396","SMN","ParaHippocampal_L_2","23","Super_Bridge",0.357142857142857
"397","SMN","ParaHippocampal_L_2","56","Global_Bridge",0.37499625
"398","SMN","ParaHippocampal_L_2","56","Local_Bridge",1e-05
"399","SMN","ParaHippocampal_L_2","56","Not_a_Bridge",0.37499625
"400","SMN","ParaHippocampal_L_2","56","Super_Bridge",0.2499975
"401","SMN","Parietal_Inf_L_1","23","Global_Bridge",0.222222222222222
"402","SMN","Parietal_Inf_L_1","23","Local_Bridge",0.111111111111111
"403","SMN","Parietal_Inf_L_1","23","Not_a_Bridge",0.166666666666667
"404","SMN","Parietal_Inf_L_1","23","Super_Bridge",0.5
"405","SMN","Parietal_Inf_L_1","56","Global_Bridge",0.272724545454545
"406","SMN","Parietal_Inf_L_1","56","Local_Bridge",1e-05
"407","SMN","Parietal_Inf_L_1","56","Not_a_Bridge",0.363632727272727
"408","SMN","Parietal_Inf_L_1","56","Super_Bridge",0.363632727272727
"409","FPN","Parietal_Inf_L_2","23","Global_Bridge",0.0952380952380952
"410","FPN","Parietal_Inf_L_2","23","Local_Bridge",0.0952380952380952
"411","FPN","Parietal_Inf_L_2","23","Not_a_Bridge",0.238095238095238
"412","FPN","Parietal_Inf_L_2","23","Super_Bridge",0.571428571428571
"413","FPN","Parietal_Inf_L_2","56","Global_Bridge",0.166666666666667
"414","FPN","Parietal_Inf_L_2","56","Local_Bridge",0.0833333333333333
"415","FPN","Parietal_Inf_L_2","56","Not_a_Bridge",0.416666666666667
"416","FPN","Parietal_Inf_L_2","56","Super_Bridge",0.333333333333333
"417","Visual_2","Parietal_Inf_L_3","23","Global_Bridge",0.105263157894737
"418","Visual_2","Parietal_Inf_L_3","23","Local_Bridge",0.210526315789474
"419","Visual_2","Parietal_Inf_L_3","23","Not_a_Bridge",0.368421052631579
"420","Visual_2","Parietal_Inf_L_3","23","Super_Bridge",0.315789473684211
"421","Visual_2","Parietal_Inf_L_3","56","Global_Bridge",0.285714285714286
"422","Visual_2","Parietal_Inf_L_3","56","Local_Bridge",0.142857142857143
"423","Visual_2","Parietal_Inf_L_3","56","Not_a_Bridge",0.285714285714286
"424","Visual_2","Parietal_Inf_L_3","56","Super_Bridge",0.285714285714286
"425","FPN","Parietal_Inf_L_4","23","Global_Bridge",0.235291764705882
"426","FPN","Parietal_Inf_L_4","23","Local_Bridge",1e-05
"427","FPN","Parietal_Inf_L_4","23","Not_a_Bridge",0.176468823529412
"428","FPN","Parietal_Inf_L_4","23","Super_Bridge",0.588229411764706
"429","FPN","Parietal_Inf_L_4","56","Global_Bridge",0.285708571428571
"430","FPN","Parietal_Inf_L_4","56","Local_Bridge",1e-05
"431","FPN","Parietal_Inf_L_4","56","Not_a_Bridge",1e-05
"432","FPN","Parietal_Inf_L_4","56","Super_Bridge",0.714271428571429
"433","DAN","Parietal_Inf_L_5","23","Global_Bridge",0.199998
"434","DAN","Parietal_Inf_L_5","23","Local_Bridge",1e-05
"435","DAN","Parietal_Inf_L_5","23","Not_a_Bridge",0.2499975
"436","DAN","Parietal_Inf_L_5","23","Super_Bridge",0.5499945
"437","DAN","Parietal_Inf_L_5","56","Global_Bridge",0.230769230769231
"438","DAN","Parietal_Inf_L_5","56","Local_Bridge",0.153846153846154
"439","DAN","Parietal_Inf_L_5","56","Not_a_Bridge",0.461538461538462
"440","DAN","Parietal_Inf_L_5","56","Super_Bridge",0.153846153846154
"441","FPN","Parietal_Inf_R_1","23","Global_Bridge",1e-05
"442","FPN","Parietal_Inf_R_1","23","Local_Bridge",0.199998
"443","FPN","Parietal_Inf_R_1","23","Not_a_Bridge",0.399996
"444","FPN","Parietal_Inf_R_1","23","Super_Bridge",0.399996
"445","FPN","Parietal_Inf_R_1","56","Global_Bridge",0.2499975
"446","FPN","Parietal_Inf_R_1","56","Local_Bridge",0.37499625
"447","FPN","Parietal_Inf_R_1","56","Not_a_Bridge",0.37499625
"448","FPN","Parietal_Inf_R_1","56","Super_Bridge",1e-05
"449","SMN","Postcentral_L_3","23","Global_Bridge",0.4375
"450","SMN","Postcentral_L_3","23","Local_Bridge",0.1875
"451","SMN","Postcentral_L_3","23","Not_a_Bridge",0.125
"452","SMN","Postcentral_L_3","23","Super_Bridge",0.25
"453","SMN","Postcentral_L_3","56","Global_Bridge",0.357142857142857
"454","SMN","Postcentral_L_3","56","Local_Bridge",0.0714285714285714
"455","SMN","Postcentral_L_3","56","Not_a_Bridge",0.5
"456","SMN","Postcentral_L_3","56","Super_Bridge",0.0714285714285714
"457","SMN","Postcentral_L_4","23","Global_Bridge",0.25
"458","SMN","Postcentral_L_4","23","Local_Bridge",0.1875
"459","SMN","Postcentral_L_4","23","Not_a_Bridge",0.3125
"460","SMN","Postcentral_L_4","23","Super_Bridge",0.25
"461","SMN","Postcentral_L_4","56","Global_Bridge",0.307689230769231
"462","SMN","Postcentral_L_4","56","Local_Bridge",1e-05
"463","SMN","Postcentral_L_4","56","Not_a_Bridge",0.461533846153846
"464","SMN","Postcentral_L_4","56","Super_Bridge",0.230766923076923
"465","SMN","Postcentral_L_5","23","Global_Bridge",0.25
"466","SMN","Postcentral_L_5","23","Local_Bridge",0.25
"467","SMN","Postcentral_L_5","23","Not_a_Bridge",0.25
"468","SMN","Postcentral_L_5","23","Super_Bridge",0.25
"469","SMN","Postcentral_L_5","56","Global_Bridge",0.466662
"470","SMN","Postcentral_L_5","56","Local_Bridge",1e-05
"471","SMN","Postcentral_L_5","56","Not_a_Bridge",0.33333
"472","SMN","Postcentral_L_5","56","Super_Bridge",0.199998
"473","SMN","Postcentral_L_6","23","Global_Bridge",0.166666666666667
"474","SMN","Postcentral_L_6","23","Local_Bridge",0.166666666666667
"475","SMN","Postcentral_L_6","23","Not_a_Bridge",0.583333333333333
"476","SMN","Postcentral_L_6","23","Super_Bridge",0.0833333333333333
"477","SMN","Postcentral_L_6","56","Global_Bridge",0.499995
"478","SMN","Postcentral_L_6","56","Local_Bridge",1e-05
"479","SMN","Postcentral_L_6","56","Not_a_Bridge",0.399996
"480","SMN","Postcentral_L_6","56","Super_Bridge",0.099999
"481","SMN","Postcentral_R_5","23","Global_Bridge",0.0909090909090909
"482","SMN","Postcentral_R_5","23","Local_Bridge",0.272727272727273
"483","SMN","Postcentral_R_5","23","Not_a_Bridge",0.363636363636364
"484","SMN","Postcentral_R_5","23","Super_Bridge",0.272727272727273
"485","SMN","Postcentral_R_5","56","Global_Bridge",0.571422857142857
"486","SMN","Postcentral_R_5","56","Local_Bridge",1e-05
"487","SMN","Postcentral_R_5","56","Not_a_Bridge",0.285711428571429
"488","SMN","Postcentral_R_5","56","Super_Bridge",0.142855714285714
"489","SMN","Postcentral_R_6","23","Global_Bridge",1e-05
"490","SMN","Postcentral_R_6","23","Local_Bridge",0.199998
"491","SMN","Postcentral_R_6","23","Not_a_Bridge",0.533328
"492","SMN","Postcentral_R_6","23","Super_Bridge",0.266664
"493","SMN","Postcentral_R_6","56","Global_Bridge",0.25
"494","SMN","Postcentral_R_6","56","Local_Bridge",0.0833333333333333
"495","SMN","Postcentral_R_6","56","Not_a_Bridge",0.583333333333333
"496","SMN","Postcentral_R_6","56","Super_Bridge",0.0833333333333333
"497","SMN","Precentral_L_1","23","Global_Bridge",0.125
"498","SMN","Precentral_L_1","23","Local_Bridge",0.375
"499","SMN","Precentral_L_1","23","Not_a_Bridge",0.375
"500","SMN","Precentral_L_1","23","Super_Bridge",0.125
"501","SMN","Precentral_L_1","56","Global_Bridge",0.142857142857143
"502","SMN","Precentral_L_1","56","Local_Bridge",0.285714285714286
"503","SMN","Precentral_L_1","56","Not_a_Bridge",0.428571428571429
"504","SMN","Precentral_L_1","56","Super_Bridge",0.142857142857143
"505","SMN","Precentral_L_2","23","Global_Bridge",0.222222222222222
"506","SMN","Precentral_L_2","23","Local_Bridge",0.111111111111111
"507","SMN","Precentral_L_2","23","Not_a_Bridge",0.333333333333333
"508","SMN","Precentral_L_2","23","Super_Bridge",0.333333333333333
"509","SMN","Precentral_L_2","56","Global_Bridge",0.461533846153846
"510","SMN","Precentral_L_2","56","Local_Bridge",1e-05
"511","SMN","Precentral_L_2","56","Not_a_Bridge",0.230766923076923
"512","SMN","Precentral_L_2","56","Super_Bridge",0.307689230769231
"513","SMN","Precentral_L_3","23","Global_Bridge",0.142857142857143
"514","SMN","Precentral_L_3","23","Local_Bridge",0.285714285714286
"515","SMN","Precentral_L_3","23","Not_a_Bridge",0.285714285714286
"516","SMN","Precentral_L_3","23","Super_Bridge",0.285714285714286
"517","SMN","Precentral_L_3","56","Global_Bridge",0.49999
"518","SMN","Precentral_L_3","56","Local_Bridge",1e-05
"519","SMN","Precentral_L_3","56","Not_a_Bridge",0.49999
"520","SMN","Precentral_L_3","56","Super_Bridge",1e-05
"521","Language","Precentral_L_4","23","Global_Bridge",0.5
"522","Language","Precentral_L_4","23","Local_Bridge",0.0625
"523","Language","Precentral_L_4","23","Not_a_Bridge",0.125
"524","Language","Precentral_L_4","23","Super_Bridge",0.3125
"525","Language","Precentral_L_4","56","Global_Bridge",0.1875
"526","Language","Precentral_L_4","56","Local_Bridge",0.0625
"527","Language","Precentral_L_4","56","Not_a_Bridge",0.1875
"528","Language","Precentral_L_4","56","Super_Bridge",0.5625
"529","FPN","Precentral_L_5","23","Global_Bridge",0.222222222222222
"530","FPN","Precentral_L_5","23","Local_Bridge",0.111111111111111
"531","FPN","Precentral_L_5","23","Not_a_Bridge",0.111111111111111
"532","FPN","Precentral_L_5","23","Super_Bridge",0.555555555555556
"533","FPN","Precentral_L_5","56","Global_Bridge",0.4166625
"534","FPN","Precentral_L_5","56","Local_Bridge",1e-05
"535","FPN","Precentral_L_5","56","Not_a_Bridge",0.33333
"536","FPN","Precentral_L_5","56","Super_Bridge",0.2499975
"537","FPN","Precentral_L_6","23","Global_Bridge",0.166666666666667
"538","FPN","Precentral_L_6","23","Local_Bridge",0.0833333333333333
"539","FPN","Precentral_L_6","23","Not_a_Bridge",0.166666666666667
"540","FPN","Precentral_L_6","23","Super_Bridge",0.583333333333333
"541","FPN","Precentral_L_6","56","Global_Bridge",0.357142857142857
"542","FPN","Precentral_L_6","56","Local_Bridge",0.214285714285714
"543","FPN","Precentral_L_6","56","Not_a_Bridge",0.0714285714285714
"544","FPN","Precentral_L_6","56","Super_Bridge",0.357142857142857
"545","SMN","Precentral_R_1","23","Global_Bridge",0.153846153846154
"546","SMN","Precentral_R_1","23","Local_Bridge",0.153846153846154
"547","SMN","Precentral_R_1","23","Not_a_Bridge",0.615384615384615
"548","SMN","Precentral_R_1","23","Super_Bridge",0.0769230769230769
"549","SMN","Precentral_R_1","56","Global_Bridge",0.5
"550","SMN","Precentral_R_1","56","Local_Bridge",0.125
"551","SMN","Precentral_R_1","56","Not_a_Bridge",0.25
"552","SMN","Precentral_R_1","56","Super_Bridge",0.125
"553","SMN","Precentral_R_2","23","Global_Bridge",0.277777777777778
"554","SMN","Precentral_R_2","23","Local_Bridge",0.111111111111111
"555","SMN","Precentral_R_2","23","Not_a_Bridge",0.333333333333333
"556","SMN","Precentral_R_2","23","Super_Bridge",0.277777777777778
"557","SMN","Precentral_R_2","56","Global_Bridge",0.461533846153846
"558","SMN","Precentral_R_2","56","Local_Bridge",1e-05
"559","SMN","Precentral_R_2","56","Not_a_Bridge",0.307689230769231
"560","SMN","Precentral_R_2","56","Super_Bridge",0.230766923076923
"561","SMN","Precentral_R_3","23","Global_Bridge",0.0769230769230769
"562","SMN","Precentral_R_3","23","Local_Bridge",0.230769230769231
"563","SMN","Precentral_R_3","23","Not_a_Bridge",0.461538461538462
"564","SMN","Precentral_R_3","23","Super_Bridge",0.230769230769231
"565","SMN","Precentral_R_3","56","Global_Bridge",0.4
"566","SMN","Precentral_R_3","56","Local_Bridge",0.1
"567","SMN","Precentral_R_3","56","Not_a_Bridge",0.2
"568","SMN","Precentral_R_3","56","Super_Bridge",0.3
"569","CON","Precentral_R_5","23","Global_Bridge",1e-05
"570","CON","Precentral_R_5","23","Local_Bridge",0.599988
"571","CON","Precentral_R_5","23","Not_a_Bridge",1e-05
"572","CON","Precentral_R_5","23","Super_Bridge",0.399992
"573","CON","Precentral_R_5","56","Global_Bridge",0.333326666666667
"574","CON","Precentral_R_5","56","Local_Bridge",1e-05
"575","CON","Precentral_R_5","56","Not_a_Bridge",1e-05
"576","CON","Precentral_R_5","56","Super_Bridge",0.666653333333333
"577","CON","Precuneus_L_1","23","Global_Bridge",0.11111
"578","CON","Precuneus_L_1","23","Local_Bridge",0.44444
"579","CON","Precuneus_L_1","23","Not_a_Bridge",1e-05
"580","CON","Precuneus_L_1","23","Super_Bridge",0.44444
"581","CON","Precuneus_L_1","56","Global_Bridge",0.2499975
"582","CON","Precuneus_L_1","56","Local_Bridge",0.499995
"583","CON","Precuneus_L_1","56","Not_a_Bridge",1e-05
"584","CON","Precuneus_L_1","56","Super_Bridge",0.2499975
"585","Visual_1","Precuneus_L_2","23","Global_Bridge",1e-05
"586","Visual_1","Precuneus_L_2","23","Local_Bridge",0.428567142857143
"587","Visual_1","Precuneus_L_2","23","Not_a_Bridge",0.142855714285714
"588","Visual_1","Precuneus_L_2","23","Super_Bridge",0.428567142857143
"589","Visual_1","Precuneus_L_2","56","Global_Bridge",1e-05
"590","Visual_1","Precuneus_L_2","56","Local_Bridge",0.37499625
"591","Visual_1","Precuneus_L_2","56","Not_a_Bridge",0.12499875
"592","Visual_1","Precuneus_L_2","56","Super_Bridge",0.499995
"593","DMN","Precuneus_L_3","23","Global_Bridge",0.0714285714285714
"594","DMN","Precuneus_L_3","23","Local_Bridge",0.0714285714285714
"595","DMN","Precuneus_L_3","23","Not_a_Bridge",0.5
"596","DMN","Precuneus_L_3","23","Super_Bridge",0.357142857142857
"597","DMN","Precuneus_L_3","56","Global_Bridge",1e-05
"598","DMN","Precuneus_L_3","56","Local_Bridge",0.428567142857143
"599","DMN","Precuneus_L_3","56","Not_a_Bridge",0.142855714285714
"600","DMN","Precuneus_L_3","56","Super_Bridge",0.428567142857143
"601","DMN","Precuneus_L_4","23","Global_Bridge",0.0769230769230769
"602","DMN","Precuneus_L_4","23","Local_Bridge",0.307692307692308
"603","DMN","Precuneus_L_4","23","Not_a_Bridge",0.384615384615385
"604","DMN","Precuneus_L_4","23","Super_Bridge",0.230769230769231
"605","DMN","Precuneus_L_4","56","Global_Bridge",1e-05
"606","DMN","Precuneus_L_4","56","Local_Bridge",0.428562857142857
"607","DMN","Precuneus_L_4","56","Not_a_Bridge",1e-05
"608","DMN","Precuneus_L_4","56","Super_Bridge",0.571417142857143
"609","FPN","Precuneus_L_5","23","Global_Bridge",0.0714285714285714
"610","FPN","Precuneus_L_5","23","Local_Bridge",0.214285714285714
"611","FPN","Precuneus_L_5","23","Not_a_Bridge",0.428571428571429
"612","FPN","Precuneus_L_5","23","Super_Bridge",0.285714285714286
"613","FPN","Precuneus_L_5","56","Global_Bridge",1e-05
"614","FPN","Precuneus_L_5","56","Local_Bridge",0.33333
"615","FPN","Precuneus_L_5","56","Not_a_Bridge",0.499995
"616","FPN","Precuneus_L_5","56","Super_Bridge",0.166665
"617","FPN","Precuneus_L_6","23","Global_Bridge",1e-05
"618","FPN","Precuneus_L_6","23","Local_Bridge",0.384611538461539
"619","FPN","Precuneus_L_6","23","Not_a_Bridge",0.461533846153846
"620","FPN","Precuneus_L_6","23","Super_Bridge",0.153844615384615
"621","FPN","Precuneus_L_6","56","Global_Bridge",0.0769230769230769
"622","FPN","Precuneus_L_6","56","Local_Bridge",0.307692307692308
"623","FPN","Precuneus_L_6","56","Not_a_Bridge",0.307692307692308
"624","FPN","Precuneus_L_6","56","Super_Bridge",0.307692307692308
"625","SMN","Precuneus_L_7","23","Global_Bridge",1e-05
"626","SMN","Precuneus_L_7","23","Local_Bridge",0.230766923076923
"627","SMN","Precuneus_L_7","23","Not_a_Bridge",0.307689230769231
"628","SMN","Precuneus_L_7","23","Super_Bridge",0.461533846153846
"629","SMN","Precuneus_L_7","56","Global_Bridge",0.166665
"630","SMN","Precuneus_L_7","56","Local_Bridge",0.166665
"631","SMN","Precuneus_L_7","56","Not_a_Bridge",0.66666
"632","SMN","Precuneus_L_7","56","Super_Bridge",1e-05
"633","CON","Putamen_L_1","23","Global_Bridge",0.0833333333333333
"634","CON","Putamen_L_1","23","Local_Bridge",0.416666666666667
"635","CON","Putamen_L_1","23","Not_a_Bridge",0.333333333333333
"636","CON","Putamen_L_1","23","Super_Bridge",0.166666666666667
"637","CON","Putamen_L_1","56","Global_Bridge",0.166665
"638","CON","Putamen_L_1","56","Local_Bridge",0.499995
"639","CON","Putamen_L_1","56","Not_a_Bridge",1e-05
"640","CON","Putamen_L_1","56","Super_Bridge",0.33333
"641","CON","Putamen_L_2","23","Global_Bridge",0.285714285714286
"642","CON","Putamen_L_2","23","Local_Bridge",0.142857142857143
"643","CON","Putamen_L_2","23","Not_a_Bridge",0.285714285714286
"644","CON","Putamen_L_2","23","Super_Bridge",0.285714285714286
"645","CON","Putamen_L_2","56","Global_Bridge",1e-05
"646","CON","Putamen_L_2","56","Local_Bridge",0.166665
"647","CON","Putamen_L_2","56","Not_a_Bridge",0.33333
"648","CON","Putamen_L_2","56","Super_Bridge",0.499995
"649","CON","Putamen_R_1","23","Global_Bridge",1e-05
"650","CON","Putamen_R_1","23","Local_Bridge",0.357139285714286
"651","CON","Putamen_R_1","23","Not_a_Bridge",0.428567142857143
"652","CON","Putamen_R_1","23","Super_Bridge",0.214283571428571
"653","CON","Putamen_R_1","56","Global_Bridge",1e-05
"654","CON","Putamen_R_1","56","Local_Bridge",0.499995
"655","CON","Putamen_R_1","56","Not_a_Bridge",0.12499875
"656","CON","Putamen_R_1","56","Super_Bridge",0.37499625
"657","CON","Putamen_R_2","23","Global_Bridge",0.0769230769230769
"658","CON","Putamen_R_2","23","Local_Bridge",0.461538461538462
"659","CON","Putamen_R_2","23","Not_a_Bridge",0.230769230769231
"660","CON","Putamen_R_2","23","Super_Bridge",0.230769230769231
"661","CON","Putamen_R_2","56","Global_Bridge",0.12499875
"662","CON","Putamen_R_2","56","Local_Bridge",0.62499375
"663","CON","Putamen_R_2","56","Not_a_Bridge",0.2499975
"664","CON","Putamen_R_2","56","Super_Bridge",1e-05
"665","CON","Rolandic_Oper_L_1","23","Global_Bridge",0.210526315789474
"666","CON","Rolandic_Oper_L_1","23","Local_Bridge",0.263157894736842
"667","CON","Rolandic_Oper_L_1","23","Not_a_Bridge",0.368421052631579
"668","CON","Rolandic_Oper_L_1","23","Super_Bridge",0.157894736842105
"669","CON","Rolandic_Oper_L_1","56","Global_Bridge",1e-05
"670","CON","Rolandic_Oper_L_1","56","Local_Bridge",0.181816363636364
"671","CON","Rolandic_Oper_L_1","56","Not_a_Bridge",0.454540909090909
"672","CON","Rolandic_Oper_L_1","56","Super_Bridge",0.363632727272727
"673","Auditory","Rolandic_Oper_L_2","23","Global_Bridge",0.299997
"674","Auditory","Rolandic_Oper_L_2","23","Local_Bridge",1e-05
"675","Auditory","Rolandic_Oper_L_2","23","Not_a_Bridge",0.299997
"676","Auditory","Rolandic_Oper_L_2","23","Super_Bridge",0.399996
"677","Auditory","Rolandic_Oper_L_2","56","Global_Bridge",0.399996
"678","Auditory","Rolandic_Oper_L_2","56","Local_Bridge",1e-05
"679","Auditory","Rolandic_Oper_L_2","56","Not_a_Bridge",0.299997
"680","Auditory","Rolandic_Oper_L_2","56","Super_Bridge",0.299997
"681","SMN","Rolandic_Oper_L_3","23","Global_Bridge",0.176470588235294
"682","SMN","Rolandic_Oper_L_3","23","Local_Bridge",0.294117647058824
"683","SMN","Rolandic_Oper_L_3","23","Not_a_Bridge",0.294117647058824
"684","SMN","Rolandic_Oper_L_3","23","Super_Bridge",0.235294117647059
"685","SMN","Rolandic_Oper_L_3","56","Global_Bridge",0.499995
"686","SMN","Rolandic_Oper_L_3","56","Local_Bridge",1e-05
"687","SMN","Rolandic_Oper_L_3","56","Not_a_Bridge",0.12499875
"688","SMN","Rolandic_Oper_L_3","56","Super_Bridge",0.37499625
"689","CON","Rolandic_Oper_R_1","23","Global_Bridge",0.375
"690","CON","Rolandic_Oper_R_1","23","Local_Bridge",0.125
"691","CON","Rolandic_Oper_R_1","23","Not_a_Bridge",0.0625
"692","CON","Rolandic_Oper_R_1","23","Super_Bridge",0.4375
"693","CON","Rolandic_Oper_R_1","56","Global_Bridge",0.142855714285714
"694","CON","Rolandic_Oper_R_1","56","Local_Bridge",0.571422857142857
"695","CON","Rolandic_Oper_R_1","56","Not_a_Bridge",1e-05
"696","CON","Rolandic_Oper_R_1","56","Super_Bridge",0.285711428571429
"697","SMN","Rolandic_Oper_R_2","23","Global_Bridge",0.0952380952380952
"698","SMN","Rolandic_Oper_R_2","23","Local_Bridge",0.19047619047619
"699","SMN","Rolandic_Oper_R_2","23","Not_a_Bridge",0.523809523809524
"700","SMN","Rolandic_Oper_R_2","23","Super_Bridge",0.19047619047619
"701","SMN","Rolandic_Oper_R_2","56","Global_Bridge",1e-05
"702","SMN","Rolandic_Oper_R_2","56","Local_Bridge",0.181814545454545
"703","SMN","Rolandic_Oper_R_2","56","Not_a_Bridge",0.818165454545454
"704","SMN","Rolandic_Oper_R_2","56","Super_Bridge",1e-05
"705","CON","Rolandic_Oper_R_3","23","Global_Bridge",0.0454545454545455
"706","CON","Rolandic_Oper_R_3","23","Local_Bridge",0.272727272727273
"707","CON","Rolandic_Oper_R_3","23","Not_a_Bridge",0.409090909090909
"708","CON","Rolandic_Oper_R_3","23","Super_Bridge",0.272727272727273
"709","CON","Rolandic_Oper_R_3","56","Global_Bridge",0.2
"710","CON","Rolandic_Oper_R_3","56","Local_Bridge",0.0666666666666667
"711","CON","Rolandic_Oper_R_3","56","Not_a_Bridge",0.533333333333333
"712","CON","Rolandic_Oper_R_3","56","Super_Bridge",0.2
"713","SMN","Supp_Motor_Area_L_1","23","Global_Bridge",0.318181818181818
"714","SMN","Supp_Motor_Area_L_1","23","Local_Bridge",0.136363636363636
"715","SMN","Supp_Motor_Area_L_1","23","Not_a_Bridge",0.136363636363636
"716","SMN","Supp_Motor_Area_L_1","23","Super_Bridge",0.409090909090909
"717","SMN","Supp_Motor_Area_L_1","56","Global_Bridge",0.299997
"718","SMN","Supp_Motor_Area_L_1","56","Local_Bridge",1e-05
"719","SMN","Supp_Motor_Area_L_1","56","Not_a_Bridge",0.399996
"720","SMN","Supp_Motor_Area_L_1","56","Super_Bridge",0.299997
"721","CON","Supp_Motor_Area_L_2","23","Global_Bridge",0.363632727272727
"722","CON","Supp_Motor_Area_L_2","23","Local_Bridge",1e-05
"723","CON","Supp_Motor_Area_L_2","23","Not_a_Bridge",0.181816363636364
"724","CON","Supp_Motor_Area_L_2","23","Super_Bridge",0.454540909090909
"725","CON","Supp_Motor_Area_L_2","56","Global_Bridge",0.399996
"726","CON","Supp_Motor_Area_L_2","56","Local_Bridge",1e-05
"727","CON","Supp_Motor_Area_L_2","56","Not_a_Bridge",0.066666
"728","CON","Supp_Motor_Area_L_2","56","Super_Bridge",0.533328
"729","Language","Supp_Motor_Area_L_3","23","Global_Bridge",0.2
"730","Language","Supp_Motor_Area_L_3","23","Local_Bridge",0.05
"731","Language","Supp_Motor_Area_L_3","23","Not_a_Bridge",0.05
"732","Language","Supp_Motor_Area_L_3","23","Super_Bridge",0.7
"733","Language","Supp_Motor_Area_L_3","56","Global_Bridge",1e-05
"734","Language","Supp_Motor_Area_L_3","56","Local_Bridge",0.222217777777778
"735","Language","Supp_Motor_Area_L_3","56","Not_a_Bridge",1e-05
"736","Language","Supp_Motor_Area_L_3","56","Super_Bridge",0.777762222222222
"737","FPN","Supp_Motor_Area_L_4","23","Global_Bridge",0.318178636363636
"738","FPN","Supp_Motor_Area_L_4","23","Local_Bridge",1e-05
"739","FPN","Supp_Motor_Area_L_4","23","Not_a_Bridge",0.0909081818181818
"740","FPN","Supp_Motor_Area_L_4","23","Super_Bridge",0.590903181818182
"741","FPN","Supp_Motor_Area_L_4","56","Global_Bridge",0.214283571428571
"742","FPN","Supp_Motor_Area_L_4","56","Local_Bridge",0.0714278571428571
"743","FPN","Supp_Motor_Area_L_4","56","Not_a_Bridge",1e-05
"744","FPN","Supp_Motor_Area_L_4","56","Super_Bridge",0.714278571428571
"745","SMN","Supp_Motor_Area_R_1","23","Global_Bridge",0.222222222222222
"746","SMN","Supp_Motor_Area_R_1","23","Local_Bridge",0.111111111111111
"747","SMN","Supp_Motor_Area_R_1","23","Not_a_Bridge",0.5
"748","SMN","Supp_Motor_Area_R_1","23","Super_Bridge",0.166666666666667
"749","SMN","Supp_Motor_Area_R_1","56","Global_Bridge",0.0833325
"750","SMN","Supp_Motor_Area_R_1","56","Local_Bridge",1e-05
"751","SMN","Supp_Motor_Area_R_1","56","Not_a_Bridge",0.499995
"752","SMN","Supp_Motor_Area_R_1","56","Super_Bridge",0.4166625
"753","SMN","Supp_Motor_Area_R_2","23","Global_Bridge",0.0588235294117647
"754","SMN","Supp_Motor_Area_R_2","23","Local_Bridge",0.176470588235294
"755","SMN","Supp_Motor_Area_R_2","23","Not_a_Bridge",0.529411764705882
"756","SMN","Supp_Motor_Area_R_2","23","Super_Bridge",0.235294117647059
"757","SMN","Supp_Motor_Area_R_2","56","Global_Bridge",0.3125
"758","SMN","Supp_Motor_Area_R_2","56","Local_Bridge",0.0625
"759","SMN","Supp_Motor_Area_R_2","56","Not_a_Bridge",0.4375
"760","SMN","Supp_Motor_Area_R_2","56","Super_Bridge",0.1875
"761","SMN","Supp_Motor_Area_R_3","23","Global_Bridge",0.2
"762","SMN","Supp_Motor_Area_R_3","23","Local_Bridge",0.05
"763","SMN","Supp_Motor_Area_R_3","23","Not_a_Bridge",0.25
"764","SMN","Supp_Motor_Area_R_3","23","Super_Bridge",0.5
"765","SMN","Supp_Motor_Area_R_3","56","Global_Bridge",0.666666666666667
"766","SMN","Supp_Motor_Area_R_3","56","Local_Bridge",0.0833333333333333
"767","SMN","Supp_Motor_Area_R_3","56","Not_a_Bridge",0.0833333333333333
"768","SMN","Supp_Motor_Area_R_3","56","Super_Bridge",0.166666666666667
"769","CON","Supp_Motor_Area_R_4","23","Global_Bridge",0.260869565217391
"770","CON","Supp_Motor_Area_R_4","23","Local_Bridge",0.130434782608696
"771","CON","Supp_Motor_Area_R_4","23","Not_a_Bridge",0.391304347826087
"772","CON","Supp_Motor_Area_R_4","23","Super_Bridge",0.217391304347826
"773","CON","Supp_Motor_Area_R_4","56","Global_Bridge",0.266664
"774","CON","Supp_Motor_Area_R_4","56","Local_Bridge",1e-05
"775","CON","Supp_Motor_Area_R_4","56","Not_a_Bridge",0.133332
"776","CON","Supp_Motor_Area_R_4","56","Super_Bridge",0.599994
"777","CON","Supp_Motor_Area_R_5","23","Global_Bridge",0.368421052631579
"778","CON","Supp_Motor_Area_R_5","23","Local_Bridge",0.0526315789473684
"779","CON","Supp_Motor_Area_R_5","23","Not_a_Bridge",0.263157894736842
"780","CON","Supp_Motor_Area_R_5","23","Super_Bridge",0.315789473684211
"781","CON","Supp_Motor_Area_R_5","56","Global_Bridge",0.2499975
"782","CON","Supp_Motor_Area_R_5","56","Local_Bridge",0.0833325
"783","CON","Supp_Motor_Area_R_5","56","Not_a_Bridge",1e-05
"784","CON","Supp_Motor_Area_R_5","56","Super_Bridge",0.66666
"785","CON","SupraMarginal_L_1","23","Global_Bridge",0.347826086956522
"786","CON","SupraMarginal_L_1","23","Local_Bridge",0.0869565217391304
"787","CON","SupraMarginal_L_1","23","Not_a_Bridge",0.173913043478261
"788","CON","SupraMarginal_L_1","23","Super_Bridge",0.391304347826087
"789","CON","SupraMarginal_L_1","56","Global_Bridge",0.533328
"790","CON","SupraMarginal_L_1","56","Local_Bridge",1e-05
"791","CON","SupraMarginal_L_1","56","Not_a_Bridge",0.066666
"792","CON","SupraMarginal_L_1","56","Super_Bridge",0.399996
"793","CON","SupraMarginal_L_2","23","Global_Bridge",0.230769230769231
"794","CON","SupraMarginal_L_2","23","Local_Bridge",0.0769230769230769
"795","CON","SupraMarginal_L_2","23","Not_a_Bridge",0.307692307692308
"796","CON","SupraMarginal_L_2","23","Super_Bridge",0.384615384615385
"797","CON","SupraMarginal_L_2","56","Global_Bridge",0.2499975
"798","CON","SupraMarginal_L_2","56","Local_Bridge",1e-05
"799","CON","SupraMarginal_L_2","56","Not_a_Bridge",0.62499375
"800","CON","SupraMarginal_L_2","56","Super_Bridge",0.12499875
"801","SMN","SupraMarginal_L_3","23","Global_Bridge",0.1
"802","SMN","SupraMarginal_L_3","23","Local_Bridge",0.1
"803","SMN","SupraMarginal_L_3","23","Not_a_Bridge",0.4
"804","SMN","SupraMarginal_L_3","23","Super_Bridge",0.4
"805","SMN","SupraMarginal_L_3","56","Global_Bridge",0.33333
"806","SMN","SupraMarginal_L_3","56","Local_Bridge",1e-05
"807","SMN","SupraMarginal_L_3","56","Not_a_Bridge",0.55555
"808","SMN","SupraMarginal_L_3","56","Super_Bridge",0.11111
"809","FPN","SupraMarginal_R_2","23","Global_Bridge",0.166666666666667
"810","FPN","SupraMarginal_R_2","23","Local_Bridge",0.555555555555556
"811","FPN","SupraMarginal_R_2","23","Not_a_Bridge",0.111111111111111
"812","FPN","SupraMarginal_R_2","23","Super_Bridge",0.166666666666667
"813","FPN","SupraMarginal_R_2","56","Global_Bridge",1e-05
"814","FPN","SupraMarginal_R_2","56","Local_Bridge",0.0909081818181818
"815","FPN","SupraMarginal_R_2","56","Not_a_Bridge",0.545449090909091
"816","FPN","SupraMarginal_R_2","56","Super_Bridge",0.363632727272727
"817","DMN","Temporal_Inf_L_2","23","Global_Bridge",0.214285714285714
"818","DMN","Temporal_Inf_L_2","23","Local_Bridge",0.285714285714286
"819","DMN","Temporal_Inf_L_2","23","Not_a_Bridge",0.285714285714286
"820","DMN","Temporal_Inf_L_2","23","Super_Bridge",0.214285714285714
"821","DMN","Temporal_Inf_L_2","56","Global_Bridge",1e-05
"822","DMN","Temporal_Inf_L_2","56","Local_Bridge",1e-05
"823","DMN","Temporal_Inf_L_2","56","Not_a_Bridge",1e-05
"824","DMN","Temporal_Inf_L_2","56","Super_Bridge",0.99997
"825","Visual_2","Temporal_Inf_L_3","23","Global_Bridge",1e-05
"826","Visual_2","Temporal_Inf_L_3","23","Local_Bridge",0.307686153846154
"827","Visual_2","Temporal_Inf_L_3","23","Not_a_Bridge",1e-05
"828","Visual_2","Temporal_Inf_L_3","23","Super_Bridge",0.692293846153846
"829","Visual_2","Temporal_Inf_L_3","56","Global_Bridge",0.499995
"830","Visual_2","Temporal_Inf_L_3","56","Local_Bridge",0.166665
"831","Visual_2","Temporal_Inf_L_3","56","Not_a_Bridge",1e-05
"832","Visual_2","Temporal_Inf_L_3","56","Super_Bridge",0.33333
"833","FPN","Temporal_Inf_R_2","23","Global_Bridge",1e-05
"834","FPN","Temporal_Inf_R_2","23","Local_Bridge",0.352937647058824
"835","FPN","Temporal_Inf_R_2","23","Not_a_Bridge",0.411760588235294
"836","FPN","Temporal_Inf_R_2","23","Super_Bridge",0.235291764705882
"837","FPN","Temporal_Inf_R_2","56","Global_Bridge",1e-05
"838","FPN","Temporal_Inf_R_2","56","Local_Bridge",0.499995
"839","FPN","Temporal_Inf_R_2","56","Not_a_Bridge",0.2499975
"840","FPN","Temporal_Inf_R_2","56","Super_Bridge",0.2499975
"841","DMN","Temporal_Inf_R_5","23","Global_Bridge",0.0833333333333333
"842","DMN","Temporal_Inf_R_5","23","Local_Bridge",0.0833333333333333
"843","DMN","Temporal_Inf_R_5","23","Not_a_Bridge",0.416666666666667
"844","DMN","Temporal_Inf_R_5","23","Super_Bridge",0.416666666666667
"845","DMN","Temporal_Inf_R_5","56","Global_Bridge",1e-05
"846","DMN","Temporal_Inf_R_5","56","Local_Bridge",0.44444
"847","DMN","Temporal_Inf_R_5","56","Not_a_Bridge",0.11111
"848","DMN","Temporal_Inf_R_5","56","Super_Bridge",0.44444
"849","PMM","Temporal_Mid_L_1","23","Global_Bridge",0.266666666666667
"850","PMM","Temporal_Mid_L_1","23","Local_Bridge",0.0666666666666667
"851","PMM","Temporal_Mid_L_1","23","Not_a_Bridge",0.0666666666666667
"852","PMM","Temporal_Mid_L_1","23","Super_Bridge",0.6
"853","PMM","Temporal_Mid_L_1","56","Global_Bridge",0.12499875
"854","PMM","Temporal_Mid_L_1","56","Local_Bridge",1e-05
"855","PMM","Temporal_Mid_L_1","56","Not_a_Bridge",0.37499625
"856","PMM","Temporal_Mid_L_1","56","Super_Bridge",0.499995
"857","DMN","Temporal_Mid_L_4","23","Global_Bridge",0.142857142857143
"858","DMN","Temporal_Mid_L_4","23","Local_Bridge",0.333333333333333
"859","DMN","Temporal_Mid_L_4","23","Not_a_Bridge",0.142857142857143
"860","DMN","Temporal_Mid_L_4","23","Super_Bridge",0.380952380952381
"861","DMN","Temporal_Mid_L_4","56","Global_Bridge",0.0833333333333333
"862","DMN","Temporal_Mid_L_4","56","Local_Bridge",0.416666666666667
"863","DMN","Temporal_Mid_L_4","56","Not_a_Bridge",0.166666666666667
"864","DMN","Temporal_Mid_L_4","56","Super_Bridge",0.333333333333333
"865","Language","Temporal_Mid_L_5","23","Global_Bridge",1e-05
"866","Language","Temporal_Mid_L_5","23","Local_Bridge",1e-05
"867","Language","Temporal_Mid_L_5","23","Not_a_Bridge",0.249995
"868","Language","Temporal_Mid_L_5","23","Super_Bridge",0.749985
"869","Language","Temporal_Mid_L_5","56","Global_Bridge",0.357142857142857
"870","Language","Temporal_Mid_L_5","56","Local_Bridge",0.0714285714285714
"871","Language","Temporal_Mid_L_5","56","Not_a_Bridge",0.142857142857143
"872","Language","Temporal_Mid_L_5","56","Super_Bridge",0.428571428571429
"873","Language","Temporal_Mid_L_6","23","Global_Bridge",0.222222222222222
"874","Language","Temporal_Mid_L_6","23","Local_Bridge",0.111111111111111
"875","Language","Temporal_Mid_L_6","23","Not_a_Bridge",0.222222222222222
"876","Language","Temporal_Mid_L_6","23","Super_Bridge",0.444444444444444
"877","Language","Temporal_Mid_L_6","56","Global_Bridge",0.33333
"878","Language","Temporal_Mid_L_6","56","Local_Bridge",1e-05
"879","Language","Temporal_Mid_L_6","56","Not_a_Bridge",0.2499975
"880","Language","Temporal_Mid_L_6","56","Super_Bridge",0.4166625
"881","FPN","Temporal_Mid_L_7","23","Global_Bridge",0.25
"882","FPN","Temporal_Mid_L_7","23","Local_Bridge",0.1875
"883","FPN","Temporal_Mid_L_7","23","Not_a_Bridge",0.25
"884","FPN","Temporal_Mid_L_7","23","Super_Bridge",0.3125
"885","FPN","Temporal_Mid_L_7","56","Global_Bridge",0.181816363636364
"886","FPN","Temporal_Mid_L_7","56","Local_Bridge",1e-05
"887","FPN","Temporal_Mid_L_7","56","Not_a_Bridge",0.454540909090909
"888","FPN","Temporal_Mid_L_7","56","Super_Bridge",0.363632727272727
"889","DMN","Temporal_Mid_L_8","23","Global_Bridge",0.2
"890","DMN","Temporal_Mid_L_8","23","Local_Bridge",0.1
"891","DMN","Temporal_Mid_L_8","23","Not_a_Bridge",0.1
"892","DMN","Temporal_Mid_L_8","23","Super_Bridge",0.6
"893","DMN","Temporal_Mid_L_8","56","Global_Bridge",0.33333
"894","DMN","Temporal_Mid_L_8","56","Local_Bridge",0.33333
"895","DMN","Temporal_Mid_L_8","56","Not_a_Bridge",1e-05
"896","DMN","Temporal_Mid_L_8","56","Super_Bridge",0.33333
"897","Language","Temporal_Mid_L_9","23","Global_Bridge",0.133333333333333
"898","Language","Temporal_Mid_L_9","23","Local_Bridge",0.2
"899","Language","Temporal_Mid_L_9","23","Not_a_Bridge",0.266666666666667
"900","Language","Temporal_Mid_L_9","23","Super_Bridge",0.4
"901","Language","Temporal_Mid_L_9","56","Global_Bridge",0.428571428571429
"902","Language","Temporal_Mid_L_9","56","Local_Bridge",0.142857142857143
"903","Language","Temporal_Mid_L_9","56","Not_a_Bridge",0.285714285714286
"904","Language","Temporal_Mid_L_9","56","Super_Bridge",0.142857142857143
"905","FPN","Temporal_Mid_R_1","23","Global_Bridge",1e-05
"906","FPN","Temporal_Mid_R_1","23","Local_Bridge",0.2499975
"907","FPN","Temporal_Mid_R_1","23","Not_a_Bridge",0.37499625
"908","FPN","Temporal_Mid_R_1","23","Super_Bridge",0.37499625
"909","FPN","Temporal_Mid_R_1","56","Global_Bridge",1e-05
"910","FPN","Temporal_Mid_R_1","56","Local_Bridge",0.571417142857143
"911","FPN","Temporal_Mid_R_1","56","Not_a_Bridge",0.428562857142857
"912","FPN","Temporal_Mid_R_1","56","Super_Bridge",1e-05
"913","DMN","Temporal_Mid_R_4","23","Global_Bridge",0.0714285714285714
"914","DMN","Temporal_Mid_R_4","23","Local_Bridge",0.357142857142857
"915","DMN","Temporal_Mid_R_4","23","Not_a_Bridge",0.285714285714286
"916","DMN","Temporal_Mid_R_4","23","Super_Bridge",0.285714285714286
"917","DMN","Temporal_Mid_R_4","56","Global_Bridge",0.0833333333333333
"918","DMN","Temporal_Mid_R_4","56","Local_Bridge",0.416666666666667
"919","DMN","Temporal_Mid_R_4","56","Not_a_Bridge",0.25
"920","DMN","Temporal_Mid_R_4","56","Super_Bridge",0.25
"921","Language","Temporal_Mid_R_5","23","Global_Bridge",0.0909090909090909
"922","Language","Temporal_Mid_R_5","23","Local_Bridge",0.272727272727273
"923","Language","Temporal_Mid_R_5","23","Not_a_Bridge",0.181818181818182
"924","Language","Temporal_Mid_R_5","23","Super_Bridge",0.454545454545455
"925","Language","Temporal_Mid_R_5","56","Global_Bridge",0.2
"926","Language","Temporal_Mid_R_5","56","Local_Bridge",0.1
"927","Language","Temporal_Mid_R_5","56","Not_a_Bridge",0.3
"928","Language","Temporal_Mid_R_5","56","Super_Bridge",0.4
"929","PMM","Temporal_Mid_R_6","23","Global_Bridge",0.105263157894737
"930","PMM","Temporal_Mid_R_6","23","Local_Bridge",0.315789473684211
"931","PMM","Temporal_Mid_R_6","23","Not_a_Bridge",0.526315789473684
"932","PMM","Temporal_Mid_R_6","23","Super_Bridge",0.0526315789473684
"933","PMM","Temporal_Mid_R_6","56","Global_Bridge",0.333333333333333
"934","PMM","Temporal_Mid_R_6","56","Local_Bridge",0.25
"935","PMM","Temporal_Mid_R_6","56","Not_a_Bridge",0.333333333333333
"936","PMM","Temporal_Mid_R_6","56","Super_Bridge",0.0833333333333333
"937","DMN","Temporal_Pole_Mid_R_1","23","Global_Bridge",0.142857142857143
"938","DMN","Temporal_Pole_Mid_R_1","23","Local_Bridge",0.428571428571429
"939","DMN","Temporal_Pole_Mid_R_1","23","Not_a_Bridge",0.357142857142857
"940","DMN","Temporal_Pole_Mid_R_1","23","Super_Bridge",0.0714285714285714
"941","DMN","Temporal_Pole_Mid_R_1","56","Global_Bridge",0.333333333333333
"942","DMN","Temporal_Pole_Mid_R_1","56","Local_Bridge",0.416666666666667
"943","DMN","Temporal_Pole_Mid_R_1","56","Not_a_Bridge",0.0833333333333333
"944","DMN","Temporal_Pole_Mid_R_1","56","Super_Bridge",0.166666666666667
"945","CON","Temporal_Pole_Sup_L","23","Global_Bridge",0.238092857142857
"946","CON","Temporal_Pole_Sup_L","23","Local_Bridge",1e-05
"947","CON","Temporal_Pole_Sup_L","23","Not_a_Bridge",0.0476185714285714
"948","CON","Temporal_Pole_Sup_L","23","Super_Bridge",0.714278571428571
"949","CON","Temporal_Pole_Sup_L","56","Global_Bridge",0.12499875
"950","CON","Temporal_Pole_Sup_L","56","Local_Bridge",1e-05
"951","CON","Temporal_Pole_Sup_L","56","Not_a_Bridge",0.2499975
"952","CON","Temporal_Pole_Sup_L","56","Super_Bridge",0.62499375
"953","Auditory","Temporal_Sup_L_1","23","Global_Bridge",0.153846153846154
"954","Auditory","Temporal_Sup_L_1","23","Local_Bridge",0.0769230769230769
"955","Auditory","Temporal_Sup_L_1","23","Not_a_Bridge",0.384615384615385
"956","Auditory","Temporal_Sup_L_1","23","Super_Bridge",0.384615384615385
"957","Auditory","Temporal_Sup_L_1","56","Global_Bridge",0.499995
"958","Auditory","Temporal_Sup_L_1","56","Local_Bridge",1e-05
"959","Auditory","Temporal_Sup_L_1","56","Not_a_Bridge",0.199998
"960","Auditory","Temporal_Sup_L_1","56","Super_Bridge",0.299997
"961","Language","Temporal_Sup_L_2","23","Global_Bridge",0.0526315789473684
"962","Language","Temporal_Sup_L_2","23","Local_Bridge",0.157894736842105
"963","Language","Temporal_Sup_L_2","23","Not_a_Bridge",0.421052631578947
"964","Language","Temporal_Sup_L_2","23","Super_Bridge",0.368421052631579
"965","Language","Temporal_Sup_L_2","56","Global_Bridge",0.166665
"966","Language","Temporal_Sup_L_2","56","Local_Bridge",1e-05
"967","Language","Temporal_Sup_L_2","56","Not_a_Bridge",0.5833275
"968","Language","Temporal_Sup_L_2","56","Super_Bridge",0.2499975
"969","CON","Temporal_Sup_R_1","23","Global_Bridge",1e-05
"970","CON","Temporal_Sup_R_1","23","Local_Bridge",1e-05
"971","CON","Temporal_Sup_R_1","23","Not_a_Bridge",0.49999
"972","CON","Temporal_Sup_R_1","23","Super_Bridge",0.49999
"973","CON","Temporal_Sup_R_1","56","Global_Bridge",0.363632727272727
"974","CON","Temporal_Sup_R_1","56","Local_Bridge",1e-05
"975","CON","Temporal_Sup_R_1","56","Not_a_Bridge",0.272724545454545
"976","CON","Temporal_Sup_R_1","56","Super_Bridge",0.363632727272727
"977","Auditory","Temporal_Sup_R_2","23","Global_Bridge",0.315789473684211
"978","Auditory","Temporal_Sup_R_2","23","Local_Bridge",0.105263157894737
"979","Auditory","Temporal_Sup_R_2","23","Not_a_Bridge",0.315789473684211
"980","Auditory","Temporal_Sup_R_2","23","Super_Bridge",0.263157894736842
"981","Auditory","Temporal_Sup_R_2","56","Global_Bridge",0.33333
"982","Auditory","Temporal_Sup_R_2","56","Local_Bridge",1e-05
"983","Auditory","Temporal_Sup_R_2","56","Not_a_Bridge",0.133332
"984","Auditory","Temporal_Sup_R_2","56","Super_Bridge",0.533328
"985","Language","Temporal_Sup_R_4","23","Global_Bridge",0.285714285714286
"986","Language","Temporal_Sup_R_4","23","Local_Bridge",0.285714285714286
"987","Language","Temporal_Sup_R_4","23","Not_a_Bridge",0.142857142857143
"988","Language","Temporal_Sup_R_4","23","Super_Bridge",0.285714285714286
"989","Language","Temporal_Sup_R_4","56","Global_Bridge",0.399992
"990","Language","Temporal_Sup_R_4","56","Local_Bridge",1e-05
"991","Language","Temporal_Sup_R_4","56","Not_a_Bridge",0.599988
"992","Language","Temporal_Sup_R_4","56","Super_Bridge",1e-05
"993","Language","Temporal_Sup_R_5","23","Global_Bridge",1e-05
"994","Language","Temporal_Sup_R_5","23","Local_Bridge",0.2499975
"995","Language","Temporal_Sup_R_5","23","Not_a_Bridge",0.187498125
"996","Language","Temporal_Sup_R_5","23","Super_Bridge",0.562494375
"997","Language","Temporal_Sup_R_5","56","Global_Bridge",0.12499875
"998","Language","Temporal_Sup_R_5","56","Local_Bridge",1e-05
"999","Language","Temporal_Sup_R_5","56","Not_a_Bridge",0.37499625
"1000","Language","Temporal_Sup_R_5","56","Super_Bridge",0.499995
"1001","FPN","Thalamus_L_1","23","Global_Bridge",1e-05
"1002","FPN","Thalamus_L_1","23","Local_Bridge",0.636357272727273
"1003","FPN","Thalamus_L_1","23","Not_a_Bridge",0.0909081818181818
"1004","FPN","Thalamus_L_1","23","Super_Bridge",0.272724545454545
"1005","FPN","Thalamus_L_1","56","Global_Bridge",0.166665
"1006","FPN","Thalamus_L_1","56","Local_Bridge",0.499995
"1007","FPN","Thalamus_L_1","56","Not_a_Bridge",1e-05
"1008","FPN","Thalamus_L_1","56","Super_Bridge",0.33333
"1009","Visual_1","Thalamus_L_2","23","Global_Bridge",0.266666666666667
"1010","Visual_1","Thalamus_L_2","23","Local_Bridge",0.2
"1011","Visual_1","Thalamus_L_2","23","Not_a_Bridge",0.266666666666667
"1012","Visual_1","Thalamus_L_2","23","Super_Bridge",0.266666666666667
"1013","Visual_1","Thalamus_L_2","56","Global_Bridge",0.181818181818182
"1014","Visual_1","Thalamus_L_2","56","Local_Bridge",0.181818181818182
"1015","Visual_1","Thalamus_L_2","56","Not_a_Bridge",0.272727272727273
"1016","Visual_1","Thalamus_L_2","56","Super_Bridge",0.363636363636364
"1017","Visual_1","Thalamus_R_1","23","Global_Bridge",0.181818181818182
"1018","Visual_1","Thalamus_R_1","23","Local_Bridge",0.272727272727273
"1019","Visual_1","Thalamus_R_1","23","Not_a_Bridge",0.181818181818182
"1020","Visual_1","Thalamus_R_1","23","Super_Bridge",0.363636363636364
"1021","Visual_1","Thalamus_R_1","56","Global_Bridge",1e-05
"1022","Visual_1","Thalamus_R_1","56","Local_Bridge",0.285711428571429
"1023","Visual_1","Thalamus_R_1","56","Not_a_Bridge",0.285711428571429
"1024","Visual_1","Thalamus_R_1","56","Super_Bridge",0.428567142857143
"1025","Visual_1","Thalamus_R_2","23","Global_Bridge",0.1
"1026","Visual_1","Thalamus_R_2","23","Local_Bridge",0.3
"1027","Visual_1","Thalamus_R_2","23","Not_a_Bridge",0.2
"1028","Visual_1","Thalamus_R_2","23","Super_Bridge",0.4
"1029","Visual_1","Thalamus_R_2","56","Global_Bridge",1e-05
"1030","Visual_1","Thalamus_R_2","56","Local_Bridge",0.142855714285714
"1031","Visual_1","Thalamus_R_2","56","Not_a_Bridge",0.285711428571429
"1032","Visual_1","Thalamus_R_2","56","Super_Bridge",0.571422857142857
"1033","FPN","Thalamus_Ven_Ant_Nucleus_R","23","Global_Bridge",0.0666666666666667
"1034","FPN","Thalamus_Ven_Ant_Nucleus_R","23","Local_Bridge",0.533333333333333
"1035","FPN","Thalamus_Ven_Ant_Nucleus_R","23","Not_a_Bridge",0.133333333333333
"1036","FPN","Thalamus_Ven_Ant_Nucleus_R","23","Super_Bridge",0.266666666666667
"1037","FPN","Thalamus_Ven_Ant_Nucleus_R","56","Global_Bridge",1e-05
"1038","FPN","Thalamus_Ven_Ant_Nucleus_R","56","Local_Bridge",0.399996
"1039","FPN","Thalamus_Ven_Ant_Nucleus_R","56","Not_a_Bridge",0.099999
"1040","FPN","Thalamus_Ven_Ant_Nucleus_R","56","Super_Bridge",0.499995
"1041","Visual_1","Vermis_6","23","Global_Bridge",1e-05
"1042","Visual_1","Vermis_6","23","Local_Bridge",0.818173636363636
"1043","Visual_1","Vermis_6","23","Not_a_Bridge",0.0909081818181818
"1044","Visual_1","Vermis_6","23","Super_Bridge",0.0909081818181818
"1045","Visual_1","Vermis_6","56","Global_Bridge",1e-05
"1046","Visual_1","Vermis_6","56","Local_Bridge",0.749985
"1047","Visual_1","Vermis_6","56","Not_a_Bridge",1e-05
"1048","Visual_1","Vermis_6","56","Super_Bridge",0.249995
