"","1st_network","Region","cluster","Hub_consensus","freq"
"1","DMN","Angular_L_1","23","Connector",0.0454536363636364
"2","DMN","Angular_L_1","23","Isolate",1e-05
"3","DMN","Angular_L_1","23","Peripheral",1e-05
"4","DMN","Angular_L_1","23","Provincial",0.909072727272727
"5","DMN","Angular_L_1","23","Satellite",0.0454536363636364
"6","DMN","Angular_L_1","56","Connector",0.357132142857143
"7","DMN","Angular_L_1","56","Isolate",1e-05
"8","DMN","Angular_L_1","56","Peripheral",1e-05
"9","DMN","Angular_L_1","56","Provincial",0.642837857142857
"10","DMN","Angular_L_1","56","Satellite",1e-05
"11","SMN","Cerebelum_6_R","23","Connector",0.166665
"12","SMN","Cerebelum_6_R","23","Isolate",1e-05
"13","SMN","Cerebelum_6_R","23","Peripheral",0.166665
"14","SMN","Cerebelum_6_R","23","Provincial",0.0833325
"15","SMN","Cerebelum_6_R","23","Satellite",0.5833275
"16","SMN","Cerebelum_6_R","56","Connector",1e-05
"17","SMN","Cerebelum_6_R","56","Isolate",1e-05
"18","SMN","Cerebelum_6_R","56","Peripheral",0.399988
"19","SMN","Cerebelum_6_R","56","Provincial",1e-05
"20","SMN","Cerebelum_6_R","56","Satellite",0.599982
"21","DMN","Cerebelum_Crus1_R_1","23","Connector",0.363629090909091
"22","DMN","Cerebelum_Crus1_R_1","23","Isolate",1e-05
"23","DMN","Cerebelum_Crus1_R_1","23","Peripheral",1e-05
"24","DMN","Cerebelum_Crus1_R_1","23","Provincial",0.545443636363636
"25","DMN","Cerebelum_Crus1_R_1","23","Satellite",0.0909072727272727
"26","DMN","Cerebelum_Crus1_R_1","56","Connector",0.285711428571429
"27","DMN","Cerebelum_Crus1_R_1","56","Isolate",1e-05
"28","DMN","Cerebelum_Crus1_R_1","56","Peripheral",0.142855714285714
"29","DMN","Cerebelum_Crus1_R_1","56","Provincial",0.142855714285714
"30","DMN","Cerebelum_Crus1_R_1","56","Satellite",0.428567142857143
"31","FPN","Cerebelum_Crus1_R_2","23","Connector",0.214283571428571
"32","FPN","Cerebelum_Crus1_R_2","23","Isolate",1e-05
"33","FPN","Cerebelum_Crus1_R_2","23","Peripheral",0.214283571428571
"34","FPN","Cerebelum_Crus1_R_2","23","Provincial",0.285711428571429
"35","FPN","Cerebelum_Crus1_R_2","23","Satellite",0.285711428571429
"36","FPN","Cerebelum_Crus1_R_2","56","Connector",0.49999
"37","FPN","Cerebelum_Crus1_R_2","56","Isolate",1e-05
"38","FPN","Cerebelum_Crus1_R_2","56","Peripheral",0.1249975
"39","FPN","Cerebelum_Crus1_R_2","56","Provincial",1e-05
"40","FPN","Cerebelum_Crus1_R_2","56","Satellite",0.3749925
"41","FPN","Cerebelum_Crus2_R","23","Connector",0.55555
"42","FPN","Cerebelum_Crus2_R","23","Isolate",1e-05
"43","FPN","Cerebelum_Crus2_R","23","Peripheral",0.11111
"44","FPN","Cerebelum_Crus2_R","23","Provincial",0.22222
"45","FPN","Cerebelum_Crus2_R","23","Satellite",0.11111
"46","FPN","Cerebelum_Crus2_R","56","Connector",0.499985
"47","FPN","Cerebelum_Crus2_R","56","Isolate",1e-05
"48","FPN","Cerebelum_Crus2_R","56","Peripheral",1e-05
"49","FPN","Cerebelum_Crus2_R","56","Provincial",0.499985
"50","FPN","Cerebelum_Crus2_R","56","Satellite",1e-05
"51","DMN","Cingulum_Ant_L_2","23","Connector",0.357135714285714
"52","DMN","Cingulum_Ant_L_2","23","Isolate",1e-05
"53","DMN","Cingulum_Ant_L_2","23","Peripheral",1e-05
"54","DMN","Cingulum_Ant_L_2","23","Provincial",0.428562857142857
"55","DMN","Cingulum_Ant_L_2","23","Satellite",0.214281428571429
"56","DMN","Cingulum_Ant_L_2","56","Connector",0.49999
"57","DMN","Cingulum_Ant_L_2","56","Isolate",1e-05
"58","DMN","Cingulum_Ant_L_2","56","Peripheral",0.249995
"59","DMN","Cingulum_Ant_L_2","56","Provincial",1e-05
"60","DMN","Cingulum_Ant_L_2","56","Satellite",0.249995
"61","CON","Cingulum_Ant_L_3","23","Connector",0.611098888888889
"62","CON","Cingulum_Ant_L_3","23","Isolate",1e-05
"63","CON","Cingulum_Ant_L_3","23","Peripheral",1e-05
"64","CON","Cingulum_Ant_L_3","23","Provincial",0.277772222222222
"65","CON","Cingulum_Ant_L_3","23","Satellite",0.111108888888889
"66","CON","Cingulum_Ant_L_3","56","Connector",0.857117142857143
"67","CON","Cingulum_Ant_L_3","56","Isolate",1e-05
"68","CON","Cingulum_Ant_L_3","56","Peripheral",1e-05
"69","CON","Cingulum_Ant_L_3","56","Provincial",1e-05
"70","CON","Cingulum_Ant_L_3","56","Satellite",0.142852857142857
"71","CON","Cingulum_Ant_L_4","23","Connector",0.923049230769231
"72","CON","Cingulum_Ant_L_4","23","Isolate",1e-05
"73","CON","Cingulum_Ant_L_4","23","Peripheral",0.0769207692307692
"74","CON","Cingulum_Ant_L_4","23","Provincial",1e-05
"75","CON","Cingulum_Ant_L_4","23","Satellite",1e-05
"76","CON","Cingulum_Ant_L_4","56","Connector",0.699986
"77","CON","Cingulum_Ant_L_4","56","Isolate",1e-05
"78","CON","Cingulum_Ant_L_4","56","Peripheral",1e-05
"79","CON","Cingulum_Ant_L_4","56","Provincial",0.099998
"80","CON","Cingulum_Ant_L_4","56","Satellite",0.199996
"81","CON","Cingulum_Ant_L_5","23","Connector",0.94734
"82","CON","Cingulum_Ant_L_5","23","Isolate",1e-05
"83","CON","Cingulum_Ant_L_5","23","Peripheral",1e-05
"84","CON","Cingulum_Ant_L_5","23","Provincial",0.05263
"85","CON","Cingulum_Ant_L_5","23","Satellite",1e-05
"86","CON","Cingulum_Ant_L_5","56","Connector",0.99996
"87","CON","Cingulum_Ant_L_5","56","Isolate",1e-05
"88","CON","Cingulum_Ant_L_5","56","Peripheral",1e-05
"89","CON","Cingulum_Ant_L_5","56","Provincial",1e-05
"90","CON","Cingulum_Ant_L_5","56","Satellite",1e-05
"91","CON","Cingulum_Ant_R_2","23","Connector",0.81248375
"92","CON","Cingulum_Ant_R_2","23","Isolate",1e-05
"93","CON","Cingulum_Ant_R_2","23","Peripheral",0.06249875
"94","CON","Cingulum_Ant_R_2","23","Provincial",1e-05
"95","CON","Cingulum_Ant_R_2","23","Satellite",0.1249975
"96","CON","Cingulum_Ant_R_2","56","Connector",0.799976
"97","CON","Cingulum_Ant_R_2","56","Isolate",1e-05
"98","CON","Cingulum_Ant_R_2","56","Peripheral",1e-05
"99","CON","Cingulum_Ant_R_2","56","Provincial",0.199994
"100","CON","Cingulum_Ant_R_2","56","Satellite",1e-05
"101","SMN","Cingulum_Mid_L_1","23","Connector",0.785698571428571
"102","SMN","Cingulum_Mid_L_1","23","Isolate",1e-05
"103","SMN","Cingulum_Mid_L_1","23","Peripheral",0.142854285714286
"104","SMN","Cingulum_Mid_L_1","23","Provincial",1e-05
"105","SMN","Cingulum_Mid_L_1","23","Satellite",0.0714271428571429
"106","SMN","Cingulum_Mid_L_1","56","Connector",0.499985
"107","SMN","Cingulum_Mid_L_1","56","Isolate",1e-05
"108","SMN","Cingulum_Mid_L_1","56","Peripheral",1e-05
"109","SMN","Cingulum_Mid_L_1","56","Provincial",1e-05
"110","SMN","Cingulum_Mid_L_1","56","Satellite",0.499985
"111","CON","Cingulum_Mid_L_2","23","Connector",0.863610454545455
"112","CON","Cingulum_Mid_L_2","23","Isolate",1e-05
"113","CON","Cingulum_Mid_L_2","23","Peripheral",1e-05
"114","CON","Cingulum_Mid_L_2","23","Provincial",0.136359545454545
"115","CON","Cingulum_Mid_L_2","23","Satellite",1e-05
"116","CON","Cingulum_Mid_L_2","56","Connector",0.933305333333333
"117","CON","Cingulum_Mid_L_2","56","Isolate",1e-05
"118","CON","Cingulum_Mid_L_2","56","Peripheral",1e-05
"119","CON","Cingulum_Mid_L_2","56","Provincial",1e-05
"120","CON","Cingulum_Mid_L_2","56","Satellite",0.0666646666666667
"121","DMN","Cingulum_Mid_L_3","23","Connector",0.333326666666667
"122","DMN","Cingulum_Mid_L_3","23","Isolate",1e-05
"123","DMN","Cingulum_Mid_L_3","23","Peripheral",1e-05
"124","DMN","Cingulum_Mid_L_3","23","Provincial",0.266661333333333
"125","DMN","Cingulum_Mid_L_3","23","Satellite",0.399992
"126","DMN","Cingulum_Mid_L_3","56","Connector",0.461533846153846
"127","DMN","Cingulum_Mid_L_3","56","Isolate",1e-05
"128","DMN","Cingulum_Mid_L_3","56","Peripheral",0.153844615384615
"129","DMN","Cingulum_Mid_L_3","56","Provincial",0.153844615384615
"130","DMN","Cingulum_Mid_L_3","56","Satellite",0.230766923076923
"131","CON","Cingulum_Mid_R_3","23","Connector",0.956493043478261
"132","CON","Cingulum_Mid_R_3","23","Isolate",1e-05
"133","CON","Cingulum_Mid_R_3","23","Peripheral",0.0434769565217391
"134","CON","Cingulum_Mid_R_3","23","Provincial",1e-05
"135","CON","Cingulum_Mid_R_3","23","Satellite",1e-05
"136","CON","Cingulum_Mid_R_3","56","Connector",0.99996
"137","CON","Cingulum_Mid_R_3","56","Isolate",1e-05
"138","CON","Cingulum_Mid_R_3","56","Peripheral",1e-05
"139","CON","Cingulum_Mid_R_3","56","Provincial",1e-05
"140","CON","Cingulum_Mid_R_3","56","Satellite",1e-05
"141","DMN","Cingulum_Post_L","23","Connector",0.0833308333333333
"142","DMN","Cingulum_Post_L","23","Isolate",1e-05
"143","DMN","Cingulum_Post_L","23","Peripheral",1e-05
"144","DMN","Cingulum_Post_L","23","Provincial",0.916639166666667
"145","DMN","Cingulum_Post_L","23","Satellite",1e-05
"146","DMN","Cingulum_Post_L","56","Connector",0.333326666666667
"147","DMN","Cingulum_Post_L","56","Isolate",1e-05
"148","DMN","Cingulum_Post_L","56","Peripheral",0.333326666666667
"149","DMN","Cingulum_Post_L","56","Provincial",0.333326666666667
"150","DMN","Cingulum_Post_L","56","Satellite",1e-05
"151","DMN","Frontal_Inf_Orb_R_2","23","Connector",1e-05
"152","DMN","Frontal_Inf_Orb_R_2","23","Isolate",1e-05
"153","DMN","Frontal_Inf_Orb_R_2","23","Peripheral",0.099998
"154","DMN","Frontal_Inf_Orb_R_2","23","Provincial",0.49999
"155","DMN","Frontal_Inf_Orb_R_2","23","Satellite",0.399992
"156","DMN","Frontal_Inf_Orb_R_2","56","Connector",0.299994
"157","DMN","Frontal_Inf_Orb_R_2","56","Isolate",1e-05
"158","DMN","Frontal_Inf_Orb_R_2","56","Peripheral",0.299994
"159","DMN","Frontal_Inf_Orb_R_2","56","Provincial",1e-05
"160","DMN","Frontal_Inf_Orb_R_2","56","Satellite",0.399992
"161","Language","Frontal_Inf_Tri_L_1","23","Connector",0.894718947368421
"162","Language","Frontal_Inf_Tri_L_1","23","Isolate",1e-05
"163","Language","Frontal_Inf_Tri_L_1","23","Peripheral",1e-05
"164","Language","Frontal_Inf_Tri_L_1","23","Provincial",0.0526305263157895
"165","Language","Frontal_Inf_Tri_L_1","23","Satellite",0.0526305263157895
"166","Language","Frontal_Inf_Tri_L_1","56","Connector",0.846136923076923
"167","Language","Frontal_Inf_Tri_L_1","56","Isolate",1e-05
"168","Language","Frontal_Inf_Tri_L_1","56","Peripheral",0.0769215384615385
"169","Language","Frontal_Inf_Tri_L_1","56","Provincial",1e-05
"170","Language","Frontal_Inf_Tri_L_1","56","Satellite",0.0769215384615385
"171","FPN","Frontal_Inf_Tri_L_2","23","Connector",0.133330666666667
"172","FPN","Frontal_Inf_Tri_L_2","23","Isolate",1e-05
"173","FPN","Frontal_Inf_Tri_L_2","23","Peripheral",1e-05
"174","FPN","Frontal_Inf_Tri_L_2","23","Provincial",0.333326666666667
"175","FPN","Frontal_Inf_Tri_L_2","23","Satellite",0.533322666666667
"176","FPN","Frontal_Inf_Tri_L_2","56","Connector",0.583321666666667
"177","FPN","Frontal_Inf_Tri_L_2","56","Isolate",1e-05
"178","FPN","Frontal_Inf_Tri_L_2","56","Peripheral",1e-05
"179","FPN","Frontal_Inf_Tri_L_2","56","Provincial",0.0833316666666667
"180","FPN","Frontal_Inf_Tri_L_2","56","Satellite",0.333326666666667
"181","Language","Frontal_Inf_Tri_L_3","23","Connector",0.473674736842105
"182","Language","Frontal_Inf_Tri_L_3","23","Isolate",1e-05
"183","Language","Frontal_Inf_Tri_L_3","23","Peripheral",1e-05
"184","Language","Frontal_Inf_Tri_L_3","23","Provincial",0.315783157894737
"185","Language","Frontal_Inf_Tri_L_3","23","Satellite",0.210522105263158
"186","Language","Frontal_Inf_Tri_L_3","56","Connector",0.571422857142857
"187","Language","Frontal_Inf_Tri_L_3","56","Isolate",1e-05
"188","Language","Frontal_Inf_Tri_L_3","56","Peripheral",0.0714278571428571
"189","Language","Frontal_Inf_Tri_L_3","56","Provincial",0.0714278571428571
"190","Language","Frontal_Inf_Tri_L_3","56","Satellite",0.285711428571429
"191","FPN","Frontal_Inf_Tri_R_2","23","Connector",0.199998
"192","FPN","Frontal_Inf_Tri_R_2","23","Isolate",1e-05
"193","FPN","Frontal_Inf_Tri_R_2","23","Peripheral",0.066666
"194","FPN","Frontal_Inf_Tri_R_2","23","Provincial",0.199998
"195","FPN","Frontal_Inf_Tri_R_2","23","Satellite",0.533328
"196","FPN","Frontal_Inf_Tri_R_2","56","Connector",0.272721818181818
"197","FPN","Frontal_Inf_Tri_R_2","56","Isolate",1e-05
"198","FPN","Frontal_Inf_Tri_R_2","56","Peripheral",0.272721818181818
"199","FPN","Frontal_Inf_Tri_R_2","56","Provincial",1e-05
"200","FPN","Frontal_Inf_Tri_R_2","56","Satellite",0.454536363636364
"201","DMN","Frontal_Mid_L_1","23","Connector",0.312490625
"202","DMN","Frontal_Mid_L_1","23","Isolate",1e-05
"203","DMN","Frontal_Mid_L_1","23","Peripheral",1e-05
"204","DMN","Frontal_Mid_L_1","23","Provincial",0.687479375
"205","DMN","Frontal_Mid_L_1","23","Satellite",1e-05
"206","DMN","Frontal_Mid_L_1","56","Connector",0.636344545454546
"207","DMN","Frontal_Mid_L_1","56","Isolate",1e-05
"208","DMN","Frontal_Mid_L_1","56","Peripheral",1e-05
"209","DMN","Frontal_Mid_L_1","56","Provincial",0.363625454545455
"210","DMN","Frontal_Mid_L_1","56","Satellite",1e-05
"211","CON","Frontal_Mid_L_2","23","Connector",0.736827368421053
"212","CON","Frontal_Mid_L_2","23","Isolate",0.105261052631579
"213","CON","Frontal_Mid_L_2","23","Peripheral",1e-05
"214","CON","Frontal_Mid_L_2","23","Provincial",1e-05
"215","CON","Frontal_Mid_L_2","23","Satellite",0.157891578947368
"216","CON","Frontal_Mid_L_2","56","Connector",0.599988
"217","CON","Frontal_Mid_L_2","56","Isolate",0.099998
"218","CON","Frontal_Mid_L_2","56","Peripheral",1e-05
"219","CON","Frontal_Mid_L_2","56","Provincial",1e-05
"220","CON","Frontal_Mid_L_2","56","Satellite",0.299994
"221","FPN","Frontal_Mid_L_3","23","Connector",0.277775
"222","FPN","Frontal_Mid_L_3","23","Isolate",1e-05
"223","FPN","Frontal_Mid_L_3","23","Peripheral",0.055555
"224","FPN","Frontal_Mid_L_3","23","Provincial",0.33333
"225","FPN","Frontal_Mid_L_3","23","Satellite",0.33333
"226","FPN","Frontal_Mid_L_3","56","Connector",0.599994
"227","FPN","Frontal_Mid_L_3","56","Isolate",1e-05
"228","FPN","Frontal_Mid_L_3","56","Peripheral",0.099999
"229","FPN","Frontal_Mid_L_3","56","Provincial",0.099999
"230","FPN","Frontal_Mid_L_3","56","Satellite",0.199998
"231","DMN","Frontal_Mid_L_4","23","Connector",0.642850714285714
"232","DMN","Frontal_Mid_L_4","23","Isolate",0.0714278571428571
"233","DMN","Frontal_Mid_L_4","23","Peripheral",0.142855714285714
"234","DMN","Frontal_Mid_L_4","23","Provincial",1e-05
"235","DMN","Frontal_Mid_L_4","23","Satellite",0.142855714285714
"236","DMN","Frontal_Mid_L_4","56","Connector",0.749985
"237","DMN","Frontal_Mid_L_4","56","Isolate",0.1249975
"238","DMN","Frontal_Mid_L_4","56","Peripheral",0.1249975
"239","DMN","Frontal_Mid_L_4","56","Provincial",1e-05
"240","DMN","Frontal_Mid_L_4","56","Satellite",1e-05
"241","CON","Frontal_Mid_L_5","23","Connector",0.461529230769231
"242","CON","Frontal_Mid_L_5","23","Isolate",1e-05
"243","CON","Frontal_Mid_L_5","23","Peripheral",0.0769215384615385
"244","CON","Frontal_Mid_L_5","23","Provincial",1e-05
"245","CON","Frontal_Mid_L_5","23","Satellite",0.461529230769231
"246","CON","Frontal_Mid_L_5","56","Connector",0.6249875
"247","CON","Frontal_Mid_L_5","56","Isolate",1e-05
"248","CON","Frontal_Mid_L_5","56","Peripheral",0.1249975
"249","CON","Frontal_Mid_L_5","56","Provincial",1e-05
"250","CON","Frontal_Mid_L_5","56","Satellite",0.249995
"251","FPN","Frontal_Mid_Orb_L_1","23","Connector",0.357132142857143
"252","FPN","Frontal_Mid_Orb_L_1","23","Isolate",1e-05
"253","FPN","Frontal_Mid_Orb_L_1","23","Peripheral",1e-05
"254","FPN","Frontal_Mid_Orb_L_1","23","Provincial",1e-05
"255","FPN","Frontal_Mid_Orb_L_1","23","Satellite",0.642837857142857
"256","FPN","Frontal_Mid_Orb_L_1","56","Connector",0.461524615384615
"257","FPN","Frontal_Mid_Orb_L_1","56","Isolate",1e-05
"258","FPN","Frontal_Mid_Orb_L_1","56","Peripheral",1e-05
"259","FPN","Frontal_Mid_Orb_L_1","56","Provincial",1e-05
"260","FPN","Frontal_Mid_Orb_L_1","56","Satellite",0.538445384615385
"261","FPN","Frontal_Mid_Orb_L_2","23","Connector",0.37498875
"262","FPN","Frontal_Mid_Orb_L_2","23","Isolate",1e-05
"263","FPN","Frontal_Mid_Orb_L_2","23","Peripheral",1e-05
"264","FPN","Frontal_Mid_Orb_L_2","23","Provincial",0.62498125
"265","FPN","Frontal_Mid_Orb_L_2","23","Satellite",1e-05
"266","FPN","Frontal_Mid_Orb_L_2","56","Connector",0.87497375
"267","FPN","Frontal_Mid_Orb_L_2","56","Isolate",1e-05
"268","FPN","Frontal_Mid_Orb_L_2","56","Peripheral",1e-05
"269","FPN","Frontal_Mid_Orb_L_2","56","Provincial",0.12499625
"270","FPN","Frontal_Mid_Orb_L_2","56","Satellite",1e-05
"271","CON","Frontal_Sup_L_1","23","Connector",0.157891578947368
"272","CON","Frontal_Sup_L_1","23","Isolate",1e-05
"273","CON","Frontal_Sup_L_1","23","Peripheral",0.526305263157895
"274","CON","Frontal_Sup_L_1","23","Provincial",1e-05
"275","CON","Frontal_Sup_L_1","23","Satellite",0.315783157894737
"276","CON","Frontal_Sup_L_1","56","Connector",1e-05
"277","CON","Frontal_Sup_L_1","56","Isolate",1e-05
"278","CON","Frontal_Sup_L_1","56","Peripheral",0.333323333333333
"279","CON","Frontal_Sup_L_1","56","Provincial",1e-05
"280","CON","Frontal_Sup_L_1","56","Satellite",0.666646666666667
"281","DMN","Frontal_Sup_L_2","23","Connector",0.238092857142857
"282","DMN","Frontal_Sup_L_2","23","Isolate",1e-05
"283","DMN","Frontal_Sup_L_2","23","Peripheral",0.0476185714285714
"284","DMN","Frontal_Sup_L_2","23","Provincial",0.190474285714286
"285","DMN","Frontal_Sup_L_2","23","Satellite",0.523804285714286
"286","DMN","Frontal_Sup_L_2","56","Connector",0.727250909090909
"287","DMN","Frontal_Sup_L_2","56","Isolate",1e-05
"288","DMN","Frontal_Sup_L_2","56","Peripheral",1e-05
"289","DMN","Frontal_Sup_L_2","56","Provincial",1e-05
"290","DMN","Frontal_Sup_L_2","56","Satellite",0.272719090909091
"291","DMN","Frontal_Sup_L_4","23","Connector",0.695638260869565
"292","DMN","Frontal_Sup_L_4","23","Isolate",1e-05
"293","DMN","Frontal_Sup_L_4","23","Peripheral",1e-05
"294","DMN","Frontal_Sup_L_4","23","Provincial",0.0434773913043478
"295","DMN","Frontal_Sup_L_4","23","Satellite",0.260864347826087
"296","DMN","Frontal_Sup_L_4","56","Connector",0.785698571428571
"297","DMN","Frontal_Sup_L_4","56","Isolate",1e-05
"298","DMN","Frontal_Sup_L_4","56","Peripheral",1e-05
"299","DMN","Frontal_Sup_L_4","56","Provincial",0.0714271428571429
"300","DMN","Frontal_Sup_L_4","56","Satellite",0.142854285714286
"301","CON","Frontal_Sup_L_6","23","Connector",1e-05
"302","CON","Frontal_Sup_L_6","23","Isolate",0.0833325
"303","CON","Frontal_Sup_L_6","23","Peripheral",0.7499925
"304","CON","Frontal_Sup_L_6","23","Provincial",0.0833325
"305","CON","Frontal_Sup_L_6","23","Satellite",0.0833325
"306","CON","Frontal_Sup_L_6","56","Connector",0.099999
"307","CON","Frontal_Sup_L_6","56","Isolate",1e-05
"308","CON","Frontal_Sup_L_6","56","Peripheral",0.399996
"309","CON","Frontal_Sup_L_6","56","Provincial",0.099999
"310","CON","Frontal_Sup_L_6","56","Satellite",0.399996
"311","FPN","Frontal_Sup_Medial_L_4","23","Connector",0.0526305263157895
"312","FPN","Frontal_Sup_Medial_L_4","23","Isolate",1e-05
"313","FPN","Frontal_Sup_Medial_L_4","23","Peripheral",0.210522105263158
"314","FPN","Frontal_Sup_Medial_L_4","23","Provincial",1e-05
"315","FPN","Frontal_Sup_Medial_L_4","23","Satellite",0.736827368421053
"316","FPN","Frontal_Sup_Medial_L_4","56","Connector",0.285708571428571
"317","FPN","Frontal_Sup_Medial_L_4","56","Isolate",1e-05
"318","FPN","Frontal_Sup_Medial_L_4","56","Peripheral",0.0714271428571429
"319","FPN","Frontal_Sup_Medial_L_4","56","Provincial",1e-05
"320","FPN","Frontal_Sup_Medial_L_4","56","Satellite",0.642844285714286
"321","DMN","Frontal_Sup_Medial_R_4","23","Connector",0.214281428571429
"322","DMN","Frontal_Sup_Medial_R_4","23","Isolate",1e-05
"323","DMN","Frontal_Sup_Medial_R_4","23","Peripheral",1e-05
"324","DMN","Frontal_Sup_Medial_R_4","23","Provincial",0.642844285714286
"325","DMN","Frontal_Sup_Medial_R_4","23","Satellite",0.142854285714286
"326","DMN","Frontal_Sup_Medial_R_4","56","Connector",0.454531818181818
"327","DMN","Frontal_Sup_Medial_R_4","56","Isolate",1e-05
"328","DMN","Frontal_Sup_Medial_R_4","56","Peripheral",1e-05
"329","DMN","Frontal_Sup_Medial_R_4","56","Provincial",0.545438181818182
"330","DMN","Frontal_Sup_Medial_R_4","56","Satellite",1e-05
"331","SMN","Frontal_Sup_R_1","23","Connector",0.166665
"332","SMN","Frontal_Sup_R_1","23","Isolate",1e-05
"333","SMN","Frontal_Sup_R_1","23","Peripheral",0.4166625
"334","SMN","Frontal_Sup_R_1","23","Provincial",0.0833325
"335","SMN","Frontal_Sup_R_1","23","Satellite",0.33333
"336","SMN","Frontal_Sup_R_1","56","Connector",1e-05
"337","SMN","Frontal_Sup_R_1","56","Isolate",1e-05
"338","SMN","Frontal_Sup_R_1","56","Peripheral",0.399988
"339","SMN","Frontal_Sup_R_1","56","Provincial",1e-05
"340","SMN","Frontal_Sup_R_1","56","Satellite",0.599982
"341","DMN","Frontal_Sup_R_2","23","Connector",0.466657333333333
"342","DMN","Frontal_Sup_R_2","23","Isolate",1e-05
"343","DMN","Frontal_Sup_R_2","23","Peripheral",1e-05
"344","DMN","Frontal_Sup_R_2","23","Provincial",0.399992
"345","DMN","Frontal_Sup_R_2","23","Satellite",0.133330666666667
"346","DMN","Frontal_Sup_R_2","56","Connector",0.49999
"347","DMN","Frontal_Sup_R_2","56","Isolate",1e-05
"348","DMN","Frontal_Sup_R_2","56","Peripheral",1e-05
"349","DMN","Frontal_Sup_R_2","56","Provincial",0.299994
"350","DMN","Frontal_Sup_R_2","56","Satellite",0.199996
"351","DMN","Frontal_Sup_R_3","23","Connector",0.307689230769231
"352","DMN","Frontal_Sup_R_3","23","Isolate",1e-05
"353","DMN","Frontal_Sup_R_3","23","Peripheral",0.230766923076923
"354","DMN","Frontal_Sup_R_3","23","Provincial",0.0769223076923077
"355","DMN","Frontal_Sup_R_3","23","Satellite",0.384611538461539
"356","DMN","Frontal_Sup_R_3","56","Connector",0.666646666666667
"357","DMN","Frontal_Sup_R_3","56","Isolate",1e-05
"358","DMN","Frontal_Sup_R_3","56","Peripheral",1e-05
"359","DMN","Frontal_Sup_R_3","56","Provincial",1e-05
"360","DMN","Frontal_Sup_R_3","56","Satellite",0.333323333333333
"361","DMN","Frontal_Sup_R_4","23","Connector",0.18749625
"362","DMN","Frontal_Sup_R_4","23","Isolate",1e-05
"363","DMN","Frontal_Sup_R_4","23","Peripheral",0.18749625
"364","DMN","Frontal_Sup_R_4","23","Provincial",1e-05
"365","DMN","Frontal_Sup_R_4","23","Satellite",0.6249875
"366","DMN","Frontal_Sup_R_4","56","Connector",0.199996
"367","DMN","Frontal_Sup_R_4","56","Isolate",1e-05
"368","DMN","Frontal_Sup_R_4","56","Peripheral",0.299994
"369","DMN","Frontal_Sup_R_4","56","Provincial",1e-05
"370","DMN","Frontal_Sup_R_4","56","Satellite",0.49999
"371","VMM","Fusiform_L_1","23","Connector",0.099998
"372","VMM","Fusiform_L_1","23","Isolate",1e-05
"373","VMM","Fusiform_L_1","23","Peripheral",0.399992
"374","VMM","Fusiform_L_1","23","Provincial",1e-05
"375","VMM","Fusiform_L_1","23","Satellite",0.49999
"376","VMM","Fusiform_L_1","56","Connector",0.363629090909091
"377","VMM","Fusiform_L_1","56","Isolate",1e-05
"378","VMM","Fusiform_L_1","56","Peripheral",0.363629090909091
"379","VMM","Fusiform_L_1","56","Provincial",1e-05
"380","VMM","Fusiform_L_1","56","Satellite",0.272721818181818
"381","DAN","Fusiform_L_2","23","Connector",0.0769215384615385
"382","DAN","Fusiform_L_2","23","Isolate",1e-05
"383","DAN","Fusiform_L_2","23","Peripheral",0.615372307692308
"384","DAN","Fusiform_L_2","23","Provincial",1e-05
"385","DAN","Fusiform_L_2","23","Satellite",0.307686153846154
"386","DAN","Fusiform_L_2","56","Connector",1e-05
"387","DAN","Fusiform_L_2","56","Isolate",1e-05
"388","DAN","Fusiform_L_2","56","Peripheral",0.571417142857143
"389","DAN","Fusiform_L_2","56","Provincial",0.142854285714286
"390","DAN","Fusiform_L_2","56","Satellite",0.285708571428571
"391","VMM","Fusiform_L_3","23","Connector",0.33333
"392","VMM","Fusiform_L_3","23","Isolate",1e-05
"393","VMM","Fusiform_L_3","23","Peripheral",0.166665
"394","VMM","Fusiform_L_3","23","Provincial",0.33333
"395","VMM","Fusiform_L_3","23","Satellite",0.166665
"396","VMM","Fusiform_L_3","56","Connector",0.166665
"397","VMM","Fusiform_L_3","56","Isolate",1e-05
"398","VMM","Fusiform_L_3","56","Peripheral",0.166665
"399","VMM","Fusiform_L_3","56","Provincial",0.33333
"400","VMM","Fusiform_L_3","56","Satellite",0.33333
"401","VMM","Fusiform_R_3","23","Connector",0.181812727272727
"402","VMM","Fusiform_R_3","23","Isolate",1e-05
"403","VMM","Fusiform_R_3","23","Peripheral",1e-05
"404","VMM","Fusiform_R_3","23","Provincial",1e-05
"405","VMM","Fusiform_R_3","23","Satellite",0.818157272727273
"406","VMM","Fusiform_R_3","56","Connector",0.692286923076923
"407","VMM","Fusiform_R_3","56","Isolate",1e-05
"408","VMM","Fusiform_R_3","56","Peripheral",1e-05
"409","VMM","Fusiform_R_3","56","Provincial",1e-05
"410","VMM","Fusiform_R_3","56","Satellite",0.307683076923077
"411","DMN","Insula_L_1","23","Connector",0.44444
"412","DMN","Insula_L_1","23","Isolate",1e-05
"413","DMN","Insula_L_1","23","Peripheral",0.22222
"414","DMN","Insula_L_1","23","Provincial",0.11111
"415","DMN","Insula_L_1","23","Satellite",0.22222
"416","DMN","Insula_L_1","56","Connector",0.111108888888889
"417","DMN","Insula_L_1","56","Isolate",1e-05
"418","DMN","Insula_L_1","56","Peripheral",0.444435555555556
"419","DMN","Insula_L_1","56","Provincial",1e-05
"420","DMN","Insula_L_1","56","Satellite",0.444435555555556
"421","FPN","Insula_L_2","23","Connector",0.388885
"422","FPN","Insula_L_2","23","Isolate",1e-05
"423","FPN","Insula_L_2","23","Peripheral",0.22222
"424","FPN","Insula_L_2","23","Provincial",0.22222
"425","FPN","Insula_L_2","23","Satellite",0.166665
"426","FPN","Insula_L_2","56","Connector",0.363629090909091
"427","FPN","Insula_L_2","56","Isolate",1e-05
"428","FPN","Insula_L_2","56","Peripheral",0.0909072727272727
"429","FPN","Insula_L_2","56","Provincial",1e-05
"430","FPN","Insula_L_2","56","Satellite",0.545443636363636
"431","DMN","Insula_R_2","23","Connector",0.153844615384615
"432","DMN","Insula_R_2","23","Isolate",1e-05
"433","DMN","Insula_R_2","23","Peripheral",0.153844615384615
"434","DMN","Insula_R_2","23","Provincial",0.384611538461539
"435","DMN","Insula_R_2","23","Satellite",0.307689230769231
"436","DMN","Insula_R_2","56","Connector",0.166665
"437","DMN","Insula_R_2","56","Isolate",1e-05
"438","DMN","Insula_R_2","56","Peripheral",0.33333
"439","DMN","Insula_R_2","56","Provincial",0.0833325
"440","DMN","Insula_R_2","56","Satellite",0.4166625
"441","CON","Insula_R_6","23","Connector",0.199996
"442","CON","Insula_R_6","23","Isolate",1e-05
"443","CON","Insula_R_6","23","Peripheral",0.599988
"444","CON","Insula_R_6","23","Provincial",1e-05
"445","CON","Insula_R_6","23","Satellite",0.199996
"446","CON","Insula_R_6","56","Connector",0.111108888888889
"447","CON","Insula_R_6","56","Isolate",1e-05
"448","CON","Insula_R_6","56","Peripheral",0.555544444444445
"449","CON","Insula_R_6","56","Provincial",1e-05
"450","CON","Insula_R_6","56","Satellite",0.333326666666667
"451","DMN","Paracentral_Lobule_L_1","23","Connector",1e-05
"452","DMN","Paracentral_Lobule_L_1","23","Isolate",1e-05
"453","DMN","Paracentral_Lobule_L_1","23","Peripheral",0.428558571428571
"454","DMN","Paracentral_Lobule_L_1","23","Provincial",1e-05
"455","DMN","Paracentral_Lobule_L_1","23","Satellite",0.571411428571429
"456","DMN","Paracentral_Lobule_L_1","56","Connector",1e-05
"457","DMN","Paracentral_Lobule_L_1","56","Isolate",1e-05
"458","DMN","Paracentral_Lobule_L_1","56","Peripheral",0.666646666666667
"459","DMN","Paracentral_Lobule_L_1","56","Provincial",1e-05
"460","DMN","Paracentral_Lobule_L_1","56","Satellite",0.333323333333333
"461","DMN","Paracentral_Lobule_L_2","23","Connector",0.062499375
"462","DMN","Paracentral_Lobule_L_2","23","Isolate",1e-05
"463","DMN","Paracentral_Lobule_L_2","23","Peripheral",0.12499875
"464","DMN","Paracentral_Lobule_L_2","23","Provincial",0.062499375
"465","DMN","Paracentral_Lobule_L_2","23","Satellite",0.7499925
"466","DMN","Paracentral_Lobule_L_2","56","Connector",0.49999
"467","DMN","Paracentral_Lobule_L_2","56","Isolate",1e-05
"468","DMN","Paracentral_Lobule_L_2","56","Peripheral",0.099998
"469","DMN","Paracentral_Lobule_L_2","56","Provincial",1e-05
"470","DMN","Paracentral_Lobule_L_2","56","Satellite",0.399992
"471","DMN","Paracentral_Lobule_L_3","23","Connector",0.153841538461538
"472","DMN","Paracentral_Lobule_L_3","23","Isolate",1e-05
"473","DMN","Paracentral_Lobule_L_3","23","Peripheral",1e-05
"474","DMN","Paracentral_Lobule_L_3","23","Provincial",1e-05
"475","DMN","Paracentral_Lobule_L_3","23","Satellite",0.846128461538462
"476","DMN","Paracentral_Lobule_L_3","56","Connector",0.499985
"477","DMN","Paracentral_Lobule_L_3","56","Isolate",1e-05
"478","DMN","Paracentral_Lobule_L_3","56","Peripheral",1e-05
"479","DMN","Paracentral_Lobule_L_3","56","Provincial",1e-05
"480","DMN","Paracentral_Lobule_L_3","56","Satellite",0.499985
"481","SMN","ParaHippocampal_L_1","23","Connector",0.764690588235294
"482","SMN","ParaHippocampal_L_1","23","Isolate",1e-05
"483","SMN","ParaHippocampal_L_1","23","Peripheral",1e-05
"484","SMN","ParaHippocampal_L_1","23","Provincial",0.0588223529411765
"485","SMN","ParaHippocampal_L_1","23","Satellite",0.176467058823529
"486","SMN","ParaHippocampal_L_1","56","Connector",0.818157272727273
"487","SMN","ParaHippocampal_L_1","56","Isolate",1e-05
"488","SMN","ParaHippocampal_L_1","56","Peripheral",1e-05
"489","SMN","ParaHippocampal_L_1","56","Provincial",0.181812727272727
"490","SMN","ParaHippocampal_L_1","56","Satellite",1e-05
"491","SMN","ParaHippocampal_L_2","23","Connector",1e-05
"492","SMN","ParaHippocampal_L_2","23","Isolate",1e-05
"493","SMN","ParaHippocampal_L_2","23","Peripheral",0.571417142857143
"494","SMN","ParaHippocampal_L_2","23","Provincial",0.0714271428571429
"495","SMN","ParaHippocampal_L_2","23","Satellite",0.357135714285714
"496","SMN","ParaHippocampal_L_2","56","Connector",1e-05
"497","SMN","ParaHippocampal_L_2","56","Isolate",1e-05
"498","SMN","ParaHippocampal_L_2","56","Peripheral",0.62498125
"499","SMN","ParaHippocampal_L_2","56","Provincial",1e-05
"500","SMN","ParaHippocampal_L_2","56","Satellite",0.37498875
"501","SMN","Parietal_Inf_L_1","23","Connector",0.111108888888889
"502","SMN","Parietal_Inf_L_1","23","Isolate",1e-05
"503","SMN","Parietal_Inf_L_1","23","Peripheral",0.277772222222222
"504","SMN","Parietal_Inf_L_1","23","Provincial",1e-05
"505","SMN","Parietal_Inf_L_1","23","Satellite",0.611098888888889
"506","SMN","Parietal_Inf_L_1","56","Connector",0.0909081818181818
"507","SMN","Parietal_Inf_L_1","56","Isolate",0.0909081818181818
"508","SMN","Parietal_Inf_L_1","56","Peripheral",0.363632727272727
"509","SMN","Parietal_Inf_L_1","56","Provincial",1e-05
"510","SMN","Parietal_Inf_L_1","56","Satellite",0.454540909090909
"511","FPN","Parietal_Inf_L_2","23","Connector",0.238092857142857
"512","FPN","Parietal_Inf_L_2","23","Isolate",1e-05
"513","FPN","Parietal_Inf_L_2","23","Peripheral",0.0476185714285714
"514","FPN","Parietal_Inf_L_2","23","Provincial",0.619041428571429
"515","FPN","Parietal_Inf_L_2","23","Satellite",0.0952371428571429
"516","FPN","Parietal_Inf_L_2","56","Connector",0.833308333333333
"517","FPN","Parietal_Inf_L_2","56","Isolate",1e-05
"518","FPN","Parietal_Inf_L_2","56","Peripheral",1e-05
"519","FPN","Parietal_Inf_L_2","56","Provincial",0.166661666666667
"520","FPN","Parietal_Inf_L_2","56","Satellite",1e-05
"521","Visual_2","Parietal_Inf_L_3","23","Connector",0.99996
"522","Visual_2","Parietal_Inf_L_3","23","Isolate",1e-05
"523","Visual_2","Parietal_Inf_L_3","23","Peripheral",1e-05
"524","Visual_2","Parietal_Inf_L_3","23","Provincial",1e-05
"525","Visual_2","Parietal_Inf_L_3","23","Satellite",1e-05
"526","Visual_2","Parietal_Inf_L_3","56","Connector",0.714271428571429
"527","Visual_2","Parietal_Inf_L_3","56","Isolate",0.142854285714286
"528","Visual_2","Parietal_Inf_L_3","56","Peripheral",1e-05
"529","Visual_2","Parietal_Inf_L_3","56","Provincial",1e-05
"530","Visual_2","Parietal_Inf_L_3","56","Satellite",0.142854285714286
"531","FPN","Parietal_Inf_L_4","23","Connector",0.0588223529411765
"532","FPN","Parietal_Inf_L_4","23","Isolate",1e-05
"533","FPN","Parietal_Inf_L_4","23","Peripheral",0.117644705882353
"534","FPN","Parietal_Inf_L_4","23","Provincial",1e-05
"535","FPN","Parietal_Inf_L_4","23","Satellite",0.823512941176471
"536","FPN","Parietal_Inf_L_4","56","Connector",0.142854285714286
"537","FPN","Parietal_Inf_L_4","56","Isolate",1e-05
"538","FPN","Parietal_Inf_L_4","56","Peripheral",0.285708571428571
"539","FPN","Parietal_Inf_L_4","56","Provincial",1e-05
"540","FPN","Parietal_Inf_L_4","56","Satellite",0.571417142857143
"541","DAN","Parietal_Inf_L_5","23","Connector",0.6499935
"542","DAN","Parietal_Inf_L_5","23","Isolate",1e-05
"543","DAN","Parietal_Inf_L_5","23","Peripheral",0.0499995
"544","DAN","Parietal_Inf_L_5","23","Provincial",0.1499985
"545","DAN","Parietal_Inf_L_5","23","Satellite",0.1499985
"546","DAN","Parietal_Inf_L_5","56","Connector",0.846136923076923
"547","DAN","Parietal_Inf_L_5","56","Isolate",1e-05
"548","DAN","Parietal_Inf_L_5","56","Peripheral",0.0769215384615385
"549","DAN","Parietal_Inf_L_5","56","Provincial",0.0769215384615385
"550","DAN","Parietal_Inf_L_5","56","Satellite",1e-05
"551","FPN","Parietal_Inf_R_1","23","Connector",0.099998
"552","FPN","Parietal_Inf_R_1","23","Isolate",1e-05
"553","FPN","Parietal_Inf_R_1","23","Peripheral",0.099998
"554","FPN","Parietal_Inf_R_1","23","Provincial",1e-05
"555","FPN","Parietal_Inf_R_1","23","Satellite",0.799984
"556","FPN","Parietal_Inf_R_1","56","Connector",0.62498125
"557","FPN","Parietal_Inf_R_1","56","Isolate",1e-05
"558","FPN","Parietal_Inf_R_1","56","Peripheral",1e-05
"559","FPN","Parietal_Inf_R_1","56","Provincial",1e-05
"560","FPN","Parietal_Inf_R_1","56","Satellite",0.37498875
"561","SMN","Postcentral_L_3","23","Connector",0.437495625
"562","SMN","Postcentral_L_3","23","Isolate",1e-05
"563","SMN","Postcentral_L_3","23","Peripheral",0.187498125
"564","SMN","Postcentral_L_3","23","Provincial",0.2499975
"565","SMN","Postcentral_L_3","23","Satellite",0.12499875
"566","SMN","Postcentral_L_3","56","Connector",0.928543571428571
"567","SMN","Postcentral_L_3","56","Isolate",1e-05
"568","SMN","Postcentral_L_3","56","Peripheral",1e-05
"569","SMN","Postcentral_L_3","56","Provincial",1e-05
"570","SMN","Postcentral_L_3","56","Satellite",0.0714264285714286
"571","SMN","Postcentral_L_4","23","Connector",0.312496875
"572","SMN","Postcentral_L_4","23","Isolate",1e-05
"573","SMN","Postcentral_L_4","23","Peripheral",0.187498125
"574","SMN","Postcentral_L_4","23","Provincial",0.437495625
"575","SMN","Postcentral_L_4","23","Satellite",0.062499375
"576","SMN","Postcentral_L_4","56","Connector",0.923049230769231
"577","SMN","Postcentral_L_4","56","Isolate",1e-05
"578","SMN","Postcentral_L_4","56","Peripheral",1e-05
"579","SMN","Postcentral_L_4","56","Provincial",1e-05
"580","SMN","Postcentral_L_4","56","Satellite",0.0769207692307692
"581","SMN","Postcentral_L_5","23","Connector",0.2499975
"582","SMN","Postcentral_L_5","23","Isolate",1e-05
"583","SMN","Postcentral_L_5","23","Peripheral",0.12499875
"584","SMN","Postcentral_L_5","23","Provincial",0.37499625
"585","SMN","Postcentral_L_5","23","Satellite",0.2499975
"586","SMN","Postcentral_L_5","56","Connector",0.733318666666667
"587","SMN","Postcentral_L_5","56","Isolate",1e-05
"588","SMN","Postcentral_L_5","56","Peripheral",0.0666653333333333
"589","SMN","Postcentral_L_5","56","Provincial",1e-05
"590","SMN","Postcentral_L_5","56","Satellite",0.199996
"591","SMN","Postcentral_L_6","23","Connector",0.33333
"592","SMN","Postcentral_L_6","23","Isolate",1e-05
"593","SMN","Postcentral_L_6","23","Peripheral",0.33333
"594","SMN","Postcentral_L_6","23","Provincial",0.166665
"595","SMN","Postcentral_L_6","23","Satellite",0.166665
"596","SMN","Postcentral_L_6","56","Connector",0.699986
"597","SMN","Postcentral_L_6","56","Isolate",1e-05
"598","SMN","Postcentral_L_6","56","Peripheral",0.199996
"599","SMN","Postcentral_L_6","56","Provincial",0.099998
"600","SMN","Postcentral_L_6","56","Satellite",1e-05
"601","SMN","Postcentral_R_5","23","Connector",1e-05
"602","SMN","Postcentral_R_5","23","Isolate",1e-05
"603","SMN","Postcentral_R_5","23","Peripheral",0.727250909090909
"604","SMN","Postcentral_R_5","23","Provincial",0.272719090909091
"605","SMN","Postcentral_R_5","23","Satellite",1e-05
"606","SMN","Postcentral_R_5","56","Connector",1e-05
"607","SMN","Postcentral_R_5","56","Isolate",1e-05
"608","SMN","Postcentral_R_5","56","Peripheral",0.428562857142857
"609","SMN","Postcentral_R_5","56","Provincial",0.142854285714286
"610","SMN","Postcentral_R_5","56","Satellite",0.428562857142857
"611","SMN","Postcentral_R_6","23","Connector",0.533322666666667
"612","SMN","Postcentral_R_6","23","Isolate",1e-05
"613","SMN","Postcentral_R_6","23","Peripheral",1e-05
"614","SMN","Postcentral_R_6","23","Provincial",0.266661333333333
"615","SMN","Postcentral_R_6","23","Satellite",0.199996
"616","SMN","Postcentral_R_6","56","Connector",0.833308333333333
"617","SMN","Postcentral_R_6","56","Isolate",1e-05
"618","SMN","Postcentral_R_6","56","Peripheral",1e-05
"619","SMN","Postcentral_R_6","56","Provincial",0.166661666666667
"620","SMN","Postcentral_R_6","56","Satellite",1e-05
"621","SMN","Precentral_L_1","23","Connector",0.2499975
"622","SMN","Precentral_L_1","23","Isolate",1e-05
"623","SMN","Precentral_L_1","23","Peripheral",0.12499875
"624","SMN","Precentral_L_1","23","Provincial",0.2499975
"625","SMN","Precentral_L_1","23","Satellite",0.37499625
"626","SMN","Precentral_L_1","56","Connector",0.285708571428571
"627","SMN","Precentral_L_1","56","Isolate",1e-05
"628","SMN","Precentral_L_1","56","Peripheral",0.428562857142857
"629","SMN","Precentral_L_1","56","Provincial",1e-05
"630","SMN","Precentral_L_1","56","Satellite",0.285708571428571
"631","SMN","Precentral_L_2","23","Connector",0.611098888888889
"632","SMN","Precentral_L_2","23","Isolate",1e-05
"633","SMN","Precentral_L_2","23","Peripheral",1e-05
"634","SMN","Precentral_L_2","23","Provincial",0.0555544444444444
"635","SMN","Precentral_L_2","23","Satellite",0.333326666666667
"636","SMN","Precentral_L_2","56","Connector",0.615378461538462
"637","SMN","Precentral_L_2","56","Isolate",1e-05
"638","SMN","Precentral_L_2","56","Peripheral",0.153844615384615
"639","SMN","Precentral_L_2","56","Provincial",0.0769223076923077
"640","SMN","Precentral_L_2","56","Satellite",0.153844615384615
"641","SMN","Precentral_L_3","23","Connector",0.49999
"642","SMN","Precentral_L_3","23","Isolate",1e-05
"643","SMN","Precentral_L_3","23","Peripheral",0.0714271428571429
"644","SMN","Precentral_L_3","23","Provincial",1e-05
"645","SMN","Precentral_L_3","23","Satellite",0.428562857142857
"646","SMN","Precentral_L_3","56","Connector",0.62498125
"647","SMN","Precentral_L_3","56","Isolate",1e-05
"648","SMN","Precentral_L_3","56","Peripheral",1e-05
"649","SMN","Precentral_L_3","56","Provincial",1e-05
"650","SMN","Precentral_L_3","56","Satellite",0.37498875
"651","Language","Precentral_L_4","23","Connector",0.81248375
"652","Language","Precentral_L_4","23","Isolate",1e-05
"653","Language","Precentral_L_4","23","Peripheral",1e-05
"654","Language","Precentral_L_4","23","Provincial",0.1249975
"655","Language","Precentral_L_4","23","Satellite",0.06249875
"656","Language","Precentral_L_4","56","Connector",0.937471875
"657","Language","Precentral_L_4","56","Isolate",1e-05
"658","Language","Precentral_L_4","56","Peripheral",1e-05
"659","Language","Precentral_L_4","56","Provincial",1e-05
"660","Language","Precentral_L_4","56","Satellite",0.062498125
"661","FPN","Precentral_L_5","23","Connector",0.22222
"662","FPN","Precentral_L_5","23","Isolate",1e-05
"663","FPN","Precentral_L_5","23","Peripheral",0.33333
"664","FPN","Precentral_L_5","23","Provincial",0.11111
"665","FPN","Precentral_L_5","23","Satellite",0.33333
"666","FPN","Precentral_L_5","56","Connector",0.583321666666667
"667","FPN","Precentral_L_5","56","Isolate",0.166663333333333
"668","FPN","Precentral_L_5","56","Peripheral",1e-05
"669","FPN","Precentral_L_5","56","Provincial",1e-05
"670","FPN","Precentral_L_5","56","Satellite",0.249995
"671","FPN","Precentral_L_6","23","Connector",0.25
"672","FPN","Precentral_L_6","23","Isolate",0.0833333333333333
"673","FPN","Precentral_L_6","23","Peripheral",0.25
"674","FPN","Precentral_L_6","23","Provincial",0.166666666666667
"675","FPN","Precentral_L_6","23","Satellite",0.25
"676","FPN","Precentral_L_6","56","Connector",0.785706428571429
"677","FPN","Precentral_L_6","56","Isolate",1e-05
"678","FPN","Precentral_L_6","56","Peripheral",0.0714278571428571
"679","FPN","Precentral_L_6","56","Provincial",0.0714278571428571
"680","FPN","Precentral_L_6","56","Satellite",0.0714278571428571
"681","SMN","Precentral_R_1","23","Connector",0.461529230769231
"682","SMN","Precentral_R_1","23","Isolate",1e-05
"683","SMN","Precentral_R_1","23","Peripheral",0.153843076923077
"684","SMN","Precentral_R_1","23","Provincial",1e-05
"685","SMN","Precentral_R_1","23","Satellite",0.384607692307692
"686","SMN","Precentral_R_1","56","Connector",0.62498125
"687","SMN","Precentral_R_1","56","Isolate",1e-05
"688","SMN","Precentral_R_1","56","Peripheral",1e-05
"689","SMN","Precentral_R_1","56","Provincial",1e-05
"690","SMN","Precentral_R_1","56","Satellite",0.37498875
"691","SMN","Precentral_R_2","23","Connector",0.166663333333333
"692","SMN","Precentral_R_2","23","Isolate",1e-05
"693","SMN","Precentral_R_2","23","Peripheral",0.222217777777778
"694","SMN","Precentral_R_2","23","Provincial",1e-05
"695","SMN","Precentral_R_2","23","Satellite",0.611098888888889
"696","SMN","Precentral_R_2","56","Connector",0.230764615384615
"697","SMN","Precentral_R_2","56","Isolate",1e-05
"698","SMN","Precentral_R_2","56","Peripheral",0.0769215384615385
"699","SMN","Precentral_R_2","56","Provincial",1e-05
"700","SMN","Precentral_R_2","56","Satellite",0.692293846153846
"701","SMN","Precentral_R_3","23","Connector",0.153843076923077
"702","SMN","Precentral_R_3","23","Isolate",1e-05
"703","SMN","Precentral_R_3","23","Peripheral",0.230764615384615
"704","SMN","Precentral_R_3","23","Provincial",1e-05
"705","SMN","Precentral_R_3","23","Satellite",0.615372307692308
"706","SMN","Precentral_R_3","56","Connector",0.199996
"707","SMN","Precentral_R_3","56","Isolate",1e-05
"708","SMN","Precentral_R_3","56","Peripheral",0.399992
"709","SMN","Precentral_R_3","56","Provincial",1e-05
"710","SMN","Precentral_R_3","56","Satellite",0.399992
"711","CON","Precentral_R_5","23","Connector",1e-05
"712","CON","Precentral_R_5","23","Isolate",1e-05
"713","CON","Precentral_R_5","23","Peripheral",0.399988
"714","CON","Precentral_R_5","23","Provincial",1e-05
"715","CON","Precentral_R_5","23","Satellite",0.599982
"716","CON","Precentral_R_5","56","Connector",1e-05
"717","CON","Precentral_R_5","56","Isolate",1e-05
"718","CON","Precentral_R_5","56","Peripheral",0.666646666666667
"719","CON","Precentral_R_5","56","Provincial",1e-05
"720","CON","Precentral_R_5","56","Satellite",0.333323333333333
"721","CON","Precuneus_L_1","23","Connector",1e-05
"722","CON","Precuneus_L_1","23","Isolate",1e-05
"723","CON","Precuneus_L_1","23","Peripheral",0.888862222222222
"724","CON","Precuneus_L_1","23","Provincial",0.111107777777778
"725","CON","Precuneus_L_1","23","Satellite",1e-05
"726","CON","Precuneus_L_1","56","Connector",1e-05
"727","CON","Precuneus_L_1","56","Isolate",1e-05
"728","CON","Precuneus_L_1","56","Peripheral",0.99996
"729","CON","Precuneus_L_1","56","Provincial",1e-05
"730","CON","Precuneus_L_1","56","Satellite",1e-05
"731","Visual_1","Precuneus_L_2","23","Connector",0.142855714285714
"732","Visual_1","Precuneus_L_2","23","Isolate",1e-05
"733","Visual_1","Precuneus_L_2","23","Peripheral",0.142855714285714
"734","Visual_1","Precuneus_L_2","23","Provincial",0.571422857142857
"735","Visual_1","Precuneus_L_2","23","Satellite",0.142855714285714
"736","Visual_1","Precuneus_L_2","56","Connector",0.12499875
"737","Visual_1","Precuneus_L_2","56","Isolate",1e-05
"738","Visual_1","Precuneus_L_2","56","Peripheral",0.12499875
"739","Visual_1","Precuneus_L_2","56","Provincial",0.12499875
"740","Visual_1","Precuneus_L_2","56","Satellite",0.62499375
"741","DMN","Precuneus_L_3","23","Connector",0.142855714285714
"742","DMN","Precuneus_L_3","23","Isolate",1e-05
"743","DMN","Precuneus_L_3","23","Peripheral",0.285711428571429
"744","DMN","Precuneus_L_3","23","Provincial",0.499995
"745","DMN","Precuneus_L_3","23","Satellite",0.0714278571428571
"746","DMN","Precuneus_L_3","56","Connector",0.142854285714286
"747","DMN","Precuneus_L_3","56","Isolate",1e-05
"748","DMN","Precuneus_L_3","56","Peripheral",0.285708571428571
"749","DMN","Precuneus_L_3","56","Provincial",1e-05
"750","DMN","Precuneus_L_3","56","Satellite",0.571417142857143
"751","DMN","Precuneus_L_4","23","Connector",0.153844615384615
"752","DMN","Precuneus_L_4","23","Isolate",1e-05
"753","DMN","Precuneus_L_4","23","Peripheral",0.230766923076923
"754","DMN","Precuneus_L_4","23","Provincial",0.0769223076923077
"755","DMN","Precuneus_L_4","23","Satellite",0.538456153846154
"756","DMN","Precuneus_L_4","56","Connector",0.142852857142857
"757","DMN","Precuneus_L_4","56","Isolate",1e-05
"758","DMN","Precuneus_L_4","56","Peripheral",1e-05
"759","DMN","Precuneus_L_4","56","Provincial",1e-05
"760","DMN","Precuneus_L_4","56","Satellite",0.857117142857143
"761","FPN","Precuneus_L_5","23","Connector",0.214279285714286
"762","FPN","Precuneus_L_5","23","Isolate",1e-05
"763","FPN","Precuneus_L_5","23","Peripheral",1e-05
"764","FPN","Precuneus_L_5","23","Provincial",1e-05
"765","FPN","Precuneus_L_5","23","Satellite",0.785690714285714
"766","FPN","Precuneus_L_5","56","Connector",0.333326666666667
"767","FPN","Precuneus_L_5","56","Isolate",1e-05
"768","FPN","Precuneus_L_5","56","Peripheral",0.0833316666666667
"769","FPN","Precuneus_L_5","56","Provincial",1e-05
"770","FPN","Precuneus_L_5","56","Satellite",0.583321666666667
"771","FPN","Precuneus_L_6","23","Connector",0.230764615384615
"772","FPN","Precuneus_L_6","23","Isolate",1e-05
"773","FPN","Precuneus_L_6","23","Peripheral",0.307686153846154
"774","FPN","Precuneus_L_6","23","Provincial",1e-05
"775","FPN","Precuneus_L_6","23","Satellite",0.461529230769231
"776","FPN","Precuneus_L_6","56","Connector",0.153844615384615
"777","FPN","Precuneus_L_6","56","Isolate",1e-05
"778","FPN","Precuneus_L_6","56","Peripheral",0.153844615384615
"779","FPN","Precuneus_L_6","56","Provincial",0.0769223076923077
"780","FPN","Precuneus_L_6","56","Satellite",0.615378461538462
"781","SMN","Precuneus_L_7","23","Connector",0.461524615384615
"782","SMN","Precuneus_L_7","23","Isolate",1e-05
"783","SMN","Precuneus_L_7","23","Peripheral",1e-05
"784","SMN","Precuneus_L_7","23","Provincial",1e-05
"785","SMN","Precuneus_L_7","23","Satellite",0.538445384615385
"786","SMN","Precuneus_L_7","56","Connector",0.333326666666667
"787","SMN","Precuneus_L_7","56","Isolate",1e-05
"788","SMN","Precuneus_L_7","56","Peripheral",0.166663333333333
"789","SMN","Precuneus_L_7","56","Provincial",1e-05
"790","SMN","Precuneus_L_7","56","Satellite",0.49999
"791","CON","Putamen_L_1","23","Connector",0.49999
"792","CON","Putamen_L_1","23","Isolate",1e-05
"793","CON","Putamen_L_1","23","Peripheral",1e-05
"794","CON","Putamen_L_1","23","Provincial",0.166663333333333
"795","CON","Putamen_L_1","23","Satellite",0.333326666666667
"796","CON","Putamen_L_1","56","Connector",0.49999
"797","CON","Putamen_L_1","56","Isolate",1e-05
"798","CON","Putamen_L_1","56","Peripheral",0.333326666666667
"799","CON","Putamen_L_1","56","Provincial",1e-05
"800","CON","Putamen_L_1","56","Satellite",0.166663333333333
"801","CON","Putamen_L_2","23","Connector",0.49999
"802","CON","Putamen_L_2","23","Isolate",1e-05
"803","CON","Putamen_L_2","23","Peripheral",1e-05
"804","CON","Putamen_L_2","23","Provincial",0.214281428571429
"805","CON","Putamen_L_2","23","Satellite",0.285708571428571
"806","CON","Putamen_L_2","56","Connector",0.333326666666667
"807","CON","Putamen_L_2","56","Isolate",1e-05
"808","CON","Putamen_L_2","56","Peripheral",0.166663333333333
"809","CON","Putamen_L_2","56","Provincial",1e-05
"810","CON","Putamen_L_2","56","Satellite",0.49999
"811","CON","Putamen_R_1","23","Connector",0.428567142857143
"812","CON","Putamen_R_1","23","Isolate",0.0714278571428571
"813","CON","Putamen_R_1","23","Peripheral",0.214283571428571
"814","CON","Putamen_R_1","23","Provincial",1e-05
"815","CON","Putamen_R_1","23","Satellite",0.285711428571429
"816","CON","Putamen_R_1","56","Connector",0.49999
"817","CON","Putamen_R_1","56","Isolate",1e-05
"818","CON","Putamen_R_1","56","Peripheral",0.249995
"819","CON","Putamen_R_1","56","Provincial",1e-05
"820","CON","Putamen_R_1","56","Satellite",0.249995
"821","CON","Putamen_R_2","23","Connector",0.538456153846154
"822","CON","Putamen_R_2","23","Isolate",1e-05
"823","CON","Putamen_R_2","23","Peripheral",0.307689230769231
"824","CON","Putamen_R_2","23","Provincial",0.0769223076923077
"825","CON","Putamen_R_2","23","Satellite",0.0769223076923077
"826","CON","Putamen_R_2","56","Connector",0.3749925
"827","CON","Putamen_R_2","56","Isolate",1e-05
"828","CON","Putamen_R_2","56","Peripheral",1e-05
"829","CON","Putamen_R_2","56","Provincial",0.249995
"830","CON","Putamen_R_2","56","Satellite",0.3749925
"831","CON","Rolandic_Oper_L_1","23","Connector",0.421048421052632
"832","CON","Rolandic_Oper_L_1","23","Isolate",0.0526310526315789
"833","CON","Rolandic_Oper_L_1","23","Peripheral",0.157893157894737
"834","CON","Rolandic_Oper_L_1","23","Provincial",0.368417368421053
"835","CON","Rolandic_Oper_L_1","23","Satellite",1e-05
"836","CON","Rolandic_Oper_L_1","56","Connector",0.636350909090909
"837","CON","Rolandic_Oper_L_1","56","Isolate",1e-05
"838","CON","Rolandic_Oper_L_1","56","Peripheral",1e-05
"839","CON","Rolandic_Oper_L_1","56","Provincial",0.0909072727272727
"840","CON","Rolandic_Oper_L_1","56","Satellite",0.272721818181818
"841","Auditory","Rolandic_Oper_L_2","23","Connector",0.749985
"842","Auditory","Rolandic_Oper_L_2","23","Isolate",1e-05
"843","Auditory","Rolandic_Oper_L_2","23","Peripheral",0.049999
"844","Auditory","Rolandic_Oper_L_2","23","Provincial",1e-05
"845","Auditory","Rolandic_Oper_L_2","23","Satellite",0.199996
"846","Auditory","Rolandic_Oper_L_2","56","Connector",0.099998
"847","Auditory","Rolandic_Oper_L_2","56","Isolate",1e-05
"848","Auditory","Rolandic_Oper_L_2","56","Peripheral",0.099998
"849","Auditory","Rolandic_Oper_L_2","56","Provincial",1e-05
"850","Auditory","Rolandic_Oper_L_2","56","Satellite",0.799984
"851","SMN","Rolandic_Oper_L_3","23","Connector",0.294114705882353
"852","SMN","Rolandic_Oper_L_3","23","Isolate",1e-05
"853","SMN","Rolandic_Oper_L_3","23","Peripheral",0.235291764705882
"854","SMN","Rolandic_Oper_L_3","23","Provincial",0.235291764705882
"855","SMN","Rolandic_Oper_L_3","23","Satellite",0.235291764705882
"856","SMN","Rolandic_Oper_L_3","56","Connector",0.49999
"857","SMN","Rolandic_Oper_L_3","56","Isolate",1e-05
"858","SMN","Rolandic_Oper_L_3","56","Peripheral",0.249995
"859","SMN","Rolandic_Oper_L_3","56","Provincial",1e-05
"860","SMN","Rolandic_Oper_L_3","56","Satellite",0.249995
"861","CON","Rolandic_Oper_R_1","23","Connector",0.1249975
"862","CON","Rolandic_Oper_R_1","23","Isolate",1e-05
"863","CON","Rolandic_Oper_R_1","23","Peripheral",0.3749925
"864","CON","Rolandic_Oper_R_1","23","Provincial",0.49999
"865","CON","Rolandic_Oper_R_1","23","Satellite",1e-05
"866","CON","Rolandic_Oper_R_1","56","Connector",0.285711428571429
"867","CON","Rolandic_Oper_R_1","56","Isolate",1e-05
"868","CON","Rolandic_Oper_R_1","56","Peripheral",0.285711428571429
"869","CON","Rolandic_Oper_R_1","56","Provincial",0.142855714285714
"870","CON","Rolandic_Oper_R_1","56","Satellite",0.285711428571429
"871","SMN","Rolandic_Oper_R_2","23","Connector",0.666653333333333
"872","SMN","Rolandic_Oper_R_2","23","Isolate",1e-05
"873","SMN","Rolandic_Oper_R_2","23","Peripheral",1e-05
"874","SMN","Rolandic_Oper_R_2","23","Provincial",0.285708571428571
"875","SMN","Rolandic_Oper_R_2","23","Satellite",0.0476180952380952
"876","SMN","Rolandic_Oper_R_2","56","Connector",0.909063636363636
"877","SMN","Rolandic_Oper_R_2","56","Isolate",1e-05
"878","SMN","Rolandic_Oper_R_2","56","Peripheral",1e-05
"879","SMN","Rolandic_Oper_R_2","56","Provincial",0.0909063636363636
"880","SMN","Rolandic_Oper_R_2","56","Satellite",1e-05
"881","CON","Rolandic_Oper_R_3","23","Connector",0.772711818181818
"882","CON","Rolandic_Oper_R_3","23","Isolate",1e-05
"883","CON","Rolandic_Oper_R_3","23","Peripheral",1e-05
"884","CON","Rolandic_Oper_R_3","23","Provincial",0.181814545454545
"885","CON","Rolandic_Oper_R_3","23","Satellite",0.0454536363636364
"886","CON","Rolandic_Oper_R_3","56","Connector",0.866649333333333
"887","CON","Rolandic_Oper_R_3","56","Isolate",1e-05
"888","CON","Rolandic_Oper_R_3","56","Peripheral",1e-05
"889","CON","Rolandic_Oper_R_3","56","Provincial",0.0666653333333333
"890","CON","Rolandic_Oper_R_3","56","Satellite",0.0666653333333333
"891","SMN","Supp_Motor_Area_L_1","23","Connector",0.409082727272727
"892","SMN","Supp_Motor_Area_L_1","23","Isolate",1e-05
"893","SMN","Supp_Motor_Area_L_1","23","Peripheral",0.181814545454545
"894","SMN","Supp_Motor_Area_L_1","23","Provincial",1e-05
"895","SMN","Supp_Motor_Area_L_1","23","Satellite",0.409082727272727
"896","SMN","Supp_Motor_Area_L_1","56","Connector",0.199996
"897","SMN","Supp_Motor_Area_L_1","56","Isolate",1e-05
"898","SMN","Supp_Motor_Area_L_1","56","Peripheral",0.299994
"899","SMN","Supp_Motor_Area_L_1","56","Provincial",1e-05
"900","SMN","Supp_Motor_Area_L_1","56","Satellite",0.49999
"901","CON","Supp_Motor_Area_L_2","23","Connector",0.772704090909091
"902","CON","Supp_Motor_Area_L_2","23","Isolate",1e-05
"903","CON","Supp_Motor_Area_L_2","23","Peripheral",1e-05
"904","CON","Supp_Motor_Area_L_2","23","Provincial",1e-05
"905","CON","Supp_Motor_Area_L_2","23","Satellite",0.227265909090909
"906","CON","Supp_Motor_Area_L_2","56","Connector",0.533317333333333
"907","CON","Supp_Motor_Area_L_2","56","Isolate",1e-05
"908","CON","Supp_Motor_Area_L_2","56","Peripheral",1e-05
"909","CON","Supp_Motor_Area_L_2","56","Provincial",1e-05
"910","CON","Supp_Motor_Area_L_2","56","Satellite",0.466652666666667
"911","Language","Supp_Motor_Area_L_3","23","Connector",0.149997
"912","Language","Supp_Motor_Area_L_3","23","Isolate",1e-05
"913","Language","Supp_Motor_Area_L_3","23","Peripheral",0.399992
"914","Language","Supp_Motor_Area_L_3","23","Provincial",1e-05
"915","Language","Supp_Motor_Area_L_3","23","Satellite",0.449991
"916","Language","Supp_Motor_Area_L_3","56","Connector",0.555544444444445
"917","Language","Supp_Motor_Area_L_3","56","Isolate",1e-05
"918","Language","Supp_Motor_Area_L_3","56","Peripheral",0.111108888888889
"919","Language","Supp_Motor_Area_L_3","56","Provincial",1e-05
"920","Language","Supp_Motor_Area_L_3","56","Satellite",0.333326666666667
"921","FPN","Supp_Motor_Area_L_4","23","Connector",0.136360909090909
"922","FPN","Supp_Motor_Area_L_4","23","Isolate",1e-05
"923","FPN","Supp_Motor_Area_L_4","23","Peripheral",0.409082727272727
"924","FPN","Supp_Motor_Area_L_4","23","Provincial",1e-05
"925","FPN","Supp_Motor_Area_L_4","23","Satellite",0.454536363636364
"926","FPN","Supp_Motor_Area_L_4","56","Connector",0.285711428571429
"927","FPN","Supp_Motor_Area_L_4","56","Isolate",0.0714278571428571
"928","FPN","Supp_Motor_Area_L_4","56","Peripheral",0.357139285714286
"929","FPN","Supp_Motor_Area_L_4","56","Provincial",1e-05
"930","FPN","Supp_Motor_Area_L_4","56","Satellite",0.285711428571429
"931","SMN","Supp_Motor_Area_R_1","23","Connector",0.611098888888889
"932","SMN","Supp_Motor_Area_R_1","23","Isolate",1e-05
"933","SMN","Supp_Motor_Area_R_1","23","Peripheral",1e-05
"934","SMN","Supp_Motor_Area_R_1","23","Provincial",0.0555544444444444
"935","SMN","Supp_Motor_Area_R_1","23","Satellite",0.333326666666667
"936","SMN","Supp_Motor_Area_R_1","56","Connector",0.916639166666667
"937","SMN","Supp_Motor_Area_R_1","56","Isolate",1e-05
"938","SMN","Supp_Motor_Area_R_1","56","Peripheral",0.0833308333333333
"939","SMN","Supp_Motor_Area_R_1","56","Provincial",1e-05
"940","SMN","Supp_Motor_Area_R_1","56","Satellite",1e-05
"941","SMN","Supp_Motor_Area_R_2","23","Connector",0.647045882352941
"942","SMN","Supp_Motor_Area_R_2","23","Isolate",1e-05
"943","SMN","Supp_Motor_Area_R_2","23","Peripheral",1e-05
"944","SMN","Supp_Motor_Area_R_2","23","Provincial",0.117644705882353
"945","SMN","Supp_Motor_Area_R_2","23","Satellite",0.235289411764706
"946","SMN","Supp_Motor_Area_R_2","56","Connector",0.68748625
"947","SMN","Supp_Motor_Area_R_2","56","Isolate",1e-05
"948","SMN","Supp_Motor_Area_R_2","56","Peripheral",0.1249975
"949","SMN","Supp_Motor_Area_R_2","56","Provincial",1e-05
"950","SMN","Supp_Motor_Area_R_2","56","Satellite",0.18749625
"951","SMN","Supp_Motor_Area_R_3","23","Connector",0.9499715
"952","SMN","Supp_Motor_Area_R_3","23","Isolate",1e-05
"953","SMN","Supp_Motor_Area_R_3","23","Peripheral",0.0499985
"954","SMN","Supp_Motor_Area_R_3","23","Provincial",1e-05
"955","SMN","Supp_Motor_Area_R_3","23","Satellite",1e-05
"956","SMN","Supp_Motor_Area_R_3","56","Connector",0.499995
"957","SMN","Supp_Motor_Area_R_3","56","Isolate",1e-05
"958","SMN","Supp_Motor_Area_R_3","56","Peripheral",0.2499975
"959","SMN","Supp_Motor_Area_R_3","56","Provincial",0.0833325
"960","SMN","Supp_Motor_Area_R_3","56","Satellite",0.166665
"961","CON","Supp_Motor_Area_R_4","23","Connector",0.739115652173913
"962","CON","Supp_Motor_Area_R_4","23","Isolate",1e-05
"963","CON","Supp_Motor_Area_R_4","23","Peripheral",0.0434773913043478
"964","CON","Supp_Motor_Area_R_4","23","Provincial",0.217386956521739
"965","CON","Supp_Motor_Area_R_4","23","Satellite",1e-05
"966","CON","Supp_Motor_Area_R_4","56","Connector",0.866640666666667
"967","CON","Supp_Motor_Area_R_4","56","Isolate",1e-05
"968","CON","Supp_Motor_Area_R_4","56","Peripheral",1e-05
"969","CON","Supp_Motor_Area_R_4","56","Provincial",1e-05
"970","CON","Supp_Motor_Area_R_4","56","Satellite",0.133329333333333
"971","CON","Supp_Motor_Area_R_5","23","Connector",0.473679473684211
"972","CON","Supp_Motor_Area_R_5","23","Isolate",1e-05
"973","CON","Supp_Motor_Area_R_5","23","Peripheral",0.263155263157895
"974","CON","Supp_Motor_Area_R_5","23","Provincial",0.0526310526315789
"975","CON","Supp_Motor_Area_R_5","23","Satellite",0.210524210526316
"976","CON","Supp_Motor_Area_R_5","56","Connector",0.49999
"977","CON","Supp_Motor_Area_R_5","56","Isolate",0.166663333333333
"978","CON","Supp_Motor_Area_R_5","56","Peripheral",1e-05
"979","CON","Supp_Motor_Area_R_5","56","Provincial",1e-05
"980","CON","Supp_Motor_Area_R_5","56","Satellite",0.333326666666667
"981","CON","SupraMarginal_L_1","23","Connector",0.521733913043478
"982","CON","SupraMarginal_L_1","23","Isolate",1e-05
"983","CON","SupraMarginal_L_1","23","Peripheral",0.086955652173913
"984","CON","SupraMarginal_L_1","23","Provincial",0.347822608695652
"985","CON","SupraMarginal_L_1","23","Satellite",0.0434778260869565
"986","CON","SupraMarginal_L_1","56","Connector",0.733318666666667
"987","CON","SupraMarginal_L_1","56","Isolate",1e-05
"988","CON","SupraMarginal_L_1","56","Peripheral",1e-05
"989","CON","SupraMarginal_L_1","56","Provincial",0.0666653333333333
"990","CON","SupraMarginal_L_1","56","Satellite",0.199996
"991","CON","SupraMarginal_L_2","23","Connector",0.0769223076923077
"992","CON","SupraMarginal_L_2","23","Isolate",1e-05
"993","CON","SupraMarginal_L_2","23","Peripheral",0.461533846153846
"994","CON","SupraMarginal_L_2","23","Provincial",0.0769223076923077
"995","CON","SupraMarginal_L_2","23","Satellite",0.384611538461539
"996","CON","SupraMarginal_L_2","56","Connector",1e-05
"997","CON","SupraMarginal_L_2","56","Isolate",1e-05
"998","CON","SupraMarginal_L_2","56","Peripheral",0.12499625
"999","CON","SupraMarginal_L_2","56","Provincial",1e-05
"1000","CON","SupraMarginal_L_2","56","Satellite",0.87497375
"1001","SMN","SupraMarginal_L_3","23","Connector",1e-05
"1002","SMN","SupraMarginal_L_3","23","Isolate",1e-05
"1003","SMN","SupraMarginal_L_3","23","Peripheral",0.799984
"1004","SMN","SupraMarginal_L_3","23","Provincial",0.099998
"1005","SMN","SupraMarginal_L_3","23","Satellite",0.099998
"1006","SMN","SupraMarginal_L_3","56","Connector",1e-05
"1007","SMN","SupraMarginal_L_3","56","Isolate",1e-05
"1008","SMN","SupraMarginal_L_3","56","Peripheral",0.888862222222222
"1009","SMN","SupraMarginal_L_3","56","Provincial",1e-05
"1010","SMN","SupraMarginal_L_3","56","Satellite",0.111107777777778
"1011","FPN","SupraMarginal_R_2","23","Connector",0.277775
"1012","FPN","SupraMarginal_R_2","23","Isolate",1e-05
"1013","FPN","SupraMarginal_R_2","23","Peripheral",0.055555
"1014","FPN","SupraMarginal_R_2","23","Provincial",0.22222
"1015","FPN","SupraMarginal_R_2","23","Satellite",0.44444
"1016","FPN","SupraMarginal_R_2","56","Connector",0.454531818181818
"1017","FPN","SupraMarginal_R_2","56","Isolate",1e-05
"1018","FPN","SupraMarginal_R_2","56","Peripheral",1e-05
"1019","FPN","SupraMarginal_R_2","56","Provincial",1e-05
"1020","FPN","SupraMarginal_R_2","56","Satellite",0.545438181818182
"1021","DMN","Temporal_Inf_L_2","23","Connector",1e-05
"1022","DMN","Temporal_Inf_L_2","23","Isolate",1e-05
"1023","DMN","Temporal_Inf_L_2","23","Peripheral",0.357135714285714
"1024","DMN","Temporal_Inf_L_2","23","Provincial",0.285708571428571
"1025","DMN","Temporal_Inf_L_2","23","Satellite",0.357135714285714
"1026","DMN","Temporal_Inf_L_2","56","Connector",1e-05
"1027","DMN","Temporal_Inf_L_2","56","Isolate",1e-05
"1028","DMN","Temporal_Inf_L_2","56","Peripheral",0.99996
"1029","DMN","Temporal_Inf_L_2","56","Provincial",1e-05
"1030","DMN","Temporal_Inf_L_2","56","Satellite",1e-05
"1031","Visual_2","Temporal_Inf_L_3","23","Connector",1e-05
"1032","Visual_2","Temporal_Inf_L_3","23","Isolate",0.0769223076923077
"1033","Visual_2","Temporal_Inf_L_3","23","Peripheral",0.692300769230769
"1034","Visual_2","Temporal_Inf_L_3","23","Provincial",0.0769223076923077
"1035","Visual_2","Temporal_Inf_L_3","23","Satellite",0.153844615384615
"1036","Visual_2","Temporal_Inf_L_3","56","Connector",1e-05
"1037","Visual_2","Temporal_Inf_L_3","56","Isolate",1e-05
"1038","Visual_2","Temporal_Inf_L_3","56","Peripheral",0.833308333333333
"1039","Visual_2","Temporal_Inf_L_3","56","Provincial",1e-05
"1040","Visual_2","Temporal_Inf_L_3","56","Satellite",0.166661666666667
"1041","FPN","Temporal_Inf_R_2","23","Connector",0.176467058823529
"1042","FPN","Temporal_Inf_R_2","23","Isolate",1e-05
"1043","FPN","Temporal_Inf_R_2","23","Peripheral",1e-05
"1044","FPN","Temporal_Inf_R_2","23","Provincial",0.0588223529411765
"1045","FPN","Temporal_Inf_R_2","23","Satellite",0.764690588235294
"1046","FPN","Temporal_Inf_R_2","56","Connector",0.499985
"1047","FPN","Temporal_Inf_R_2","56","Isolate",1e-05
"1048","FPN","Temporal_Inf_R_2","56","Peripheral",1e-05
"1049","FPN","Temporal_Inf_R_2","56","Provincial",1e-05
"1050","FPN","Temporal_Inf_R_2","56","Satellite",0.499985
"1051","DMN","Temporal_Inf_R_5","23","Connector",1e-05
"1052","DMN","Temporal_Inf_R_5","23","Isolate",1e-05
"1053","DMN","Temporal_Inf_R_5","23","Peripheral",0.0833316666666667
"1054","DMN","Temporal_Inf_R_5","23","Provincial",0.749985
"1055","DMN","Temporal_Inf_R_5","23","Satellite",0.166663333333333
"1056","DMN","Temporal_Inf_R_5","56","Connector",0.222217777777778
"1057","DMN","Temporal_Inf_R_5","56","Isolate",1e-05
"1058","DMN","Temporal_Inf_R_5","56","Peripheral",0.333326666666667
"1059","DMN","Temporal_Inf_R_5","56","Provincial",0.444435555555556
"1060","DMN","Temporal_Inf_R_5","56","Satellite",1e-05
"1061","PMM","Temporal_Mid_L_1","23","Connector",0.133332
"1062","PMM","Temporal_Mid_L_1","23","Isolate",1e-05
"1063","PMM","Temporal_Mid_L_1","23","Peripheral",0.66666
"1064","PMM","Temporal_Mid_L_1","23","Provincial",0.066666
"1065","PMM","Temporal_Mid_L_1","23","Satellite",0.133332
"1066","PMM","Temporal_Mid_L_1","56","Connector",0.2499975
"1067","PMM","Temporal_Mid_L_1","56","Isolate",1e-05
"1068","PMM","Temporal_Mid_L_1","56","Peripheral",0.37499625
"1069","PMM","Temporal_Mid_L_1","56","Provincial",0.12499875
"1070","PMM","Temporal_Mid_L_1","56","Satellite",0.2499975
"1071","DMN","Temporal_Mid_L_4","23","Connector",0.190472380952381
"1072","DMN","Temporal_Mid_L_4","23","Isolate",1e-05
"1073","DMN","Temporal_Mid_L_4","23","Peripheral",1e-05
"1074","DMN","Temporal_Mid_L_4","23","Provincial",0.714271428571429
"1075","DMN","Temporal_Mid_L_4","23","Satellite",0.0952361904761905
"1076","DMN","Temporal_Mid_L_4","56","Connector",0.99996
"1077","DMN","Temporal_Mid_L_4","56","Isolate",1e-05
"1078","DMN","Temporal_Mid_L_4","56","Peripheral",1e-05
"1079","DMN","Temporal_Mid_L_4","56","Provincial",1e-05
"1080","DMN","Temporal_Mid_L_4","56","Satellite",1e-05
"1081","Language","Temporal_Mid_L_5","23","Connector",0.249995
"1082","Language","Temporal_Mid_L_5","23","Isolate",1e-05
"1083","Language","Temporal_Mid_L_5","23","Peripheral",0.18749625
"1084","Language","Temporal_Mid_L_5","23","Provincial",0.56248875
"1085","Language","Temporal_Mid_L_5","23","Satellite",1e-05
"1086","Language","Temporal_Mid_L_5","56","Connector",0.499995
"1087","Language","Temporal_Mid_L_5","56","Isolate",1e-05
"1088","Language","Temporal_Mid_L_5","56","Peripheral",0.142855714285714
"1089","Language","Temporal_Mid_L_5","56","Provincial",0.214283571428571
"1090","Language","Temporal_Mid_L_5","56","Satellite",0.142855714285714
"1091","Language","Temporal_Mid_L_6","23","Connector",0.22222
"1092","Language","Temporal_Mid_L_6","23","Isolate",1e-05
"1093","Language","Temporal_Mid_L_6","23","Peripheral",0.055555
"1094","Language","Temporal_Mid_L_6","23","Provincial",0.611105
"1095","Language","Temporal_Mid_L_6","23","Satellite",0.11111
"1096","Language","Temporal_Mid_L_6","56","Connector",0.49999
"1097","Language","Temporal_Mid_L_6","56","Isolate",1e-05
"1098","Language","Temporal_Mid_L_6","56","Peripheral",0.333326666666667
"1099","Language","Temporal_Mid_L_6","56","Provincial",1e-05
"1100","Language","Temporal_Mid_L_6","56","Satellite",0.166663333333333
"1101","FPN","Temporal_Mid_L_7","23","Connector",0.312496875
"1102","FPN","Temporal_Mid_L_7","23","Isolate",1e-05
"1103","FPN","Temporal_Mid_L_7","23","Peripheral",0.187498125
"1104","FPN","Temporal_Mid_L_7","23","Provincial",0.2499975
"1105","FPN","Temporal_Mid_L_7","23","Satellite",0.2499975
"1106","FPN","Temporal_Mid_L_7","56","Connector",0.727250909090909
"1107","FPN","Temporal_Mid_L_7","56","Isolate",1e-05
"1108","FPN","Temporal_Mid_L_7","56","Peripheral",1e-05
"1109","FPN","Temporal_Mid_L_7","56","Provincial",1e-05
"1110","FPN","Temporal_Mid_L_7","56","Satellite",0.272719090909091
"1111","DMN","Temporal_Mid_L_8","23","Connector",1e-05
"1112","DMN","Temporal_Mid_L_8","23","Isolate",1e-05
"1113","DMN","Temporal_Mid_L_8","23","Peripheral",0.299994
"1114","DMN","Temporal_Mid_L_8","23","Provincial",0.599988
"1115","DMN","Temporal_Mid_L_8","23","Satellite",0.099998
"1116","DMN","Temporal_Mid_L_8","56","Connector",0.333323333333333
"1117","DMN","Temporal_Mid_L_8","56","Isolate",1e-05
"1118","DMN","Temporal_Mid_L_8","56","Peripheral",0.666646666666667
"1119","DMN","Temporal_Mid_L_8","56","Provincial",1e-05
"1120","DMN","Temporal_Mid_L_8","56","Satellite",1e-05
"1121","Language","Temporal_Mid_L_9","23","Connector",0.266664
"1122","Language","Temporal_Mid_L_9","23","Isolate",1e-05
"1123","Language","Temporal_Mid_L_9","23","Peripheral",0.133332
"1124","Language","Temporal_Mid_L_9","23","Provincial",0.199998
"1125","Language","Temporal_Mid_L_9","23","Satellite",0.399996
"1126","Language","Temporal_Mid_L_9","56","Connector",0.142854285714286
"1127","Language","Temporal_Mid_L_9","56","Isolate",1e-05
"1128","Language","Temporal_Mid_L_9","56","Peripheral",0.571417142857143
"1129","Language","Temporal_Mid_L_9","56","Provincial",1e-05
"1130","Language","Temporal_Mid_L_9","56","Satellite",0.285708571428571
"1131","FPN","Temporal_Mid_R_1","23","Connector",0.37499625
"1132","FPN","Temporal_Mid_R_1","23","Isolate",1e-05
"1133","FPN","Temporal_Mid_R_1","23","Peripheral",0.12499875
"1134","FPN","Temporal_Mid_R_1","23","Provincial",0.12499875
"1135","FPN","Temporal_Mid_R_1","23","Satellite",0.37499625
"1136","FPN","Temporal_Mid_R_1","56","Connector",0.857117142857143
"1137","FPN","Temporal_Mid_R_1","56","Isolate",1e-05
"1138","FPN","Temporal_Mid_R_1","56","Peripheral",1e-05
"1139","FPN","Temporal_Mid_R_1","56","Provincial",0.142852857142857
"1140","FPN","Temporal_Mid_R_1","56","Satellite",1e-05
"1141","DMN","Temporal_Mid_R_4","23","Connector",0.142854285714286
"1142","DMN","Temporal_Mid_R_4","23","Isolate",1e-05
"1143","DMN","Temporal_Mid_R_4","23","Peripheral",0.214281428571429
"1144","DMN","Temporal_Mid_R_4","23","Provincial",1e-05
"1145","DMN","Temporal_Mid_R_4","23","Satellite",0.642844285714286
"1146","DMN","Temporal_Mid_R_4","56","Connector",0.583321666666667
"1147","DMN","Temporal_Mid_R_4","56","Isolate",1e-05
"1148","DMN","Temporal_Mid_R_4","56","Peripheral",0.0833316666666667
"1149","DMN","Temporal_Mid_R_4","56","Provincial",1e-05
"1150","DMN","Temporal_Mid_R_4","56","Satellite",0.333326666666667
"1151","Language","Temporal_Mid_R_5","23","Connector",1e-05
"1152","Language","Temporal_Mid_R_5","23","Isolate",1e-05
"1153","Language","Temporal_Mid_R_5","23","Peripheral",0.181814545454545
"1154","Language","Temporal_Mid_R_5","23","Provincial",0.545443636363636
"1155","Language","Temporal_Mid_R_5","23","Satellite",0.272721818181818
"1156","Language","Temporal_Mid_R_5","56","Connector",0.099999
"1157","Language","Temporal_Mid_R_5","56","Isolate",1e-05
"1158","Language","Temporal_Mid_R_5","56","Peripheral",0.399996
"1159","Language","Temporal_Mid_R_5","56","Provincial",0.099999
"1160","Language","Temporal_Mid_R_5","56","Satellite",0.399996
"1161","PMM","Temporal_Mid_R_6","23","Connector",0.94734
"1162","PMM","Temporal_Mid_R_6","23","Isolate",1e-05
"1163","PMM","Temporal_Mid_R_6","23","Peripheral",1e-05
"1164","PMM","Temporal_Mid_R_6","23","Provincial",0.05263
"1165","PMM","Temporal_Mid_R_6","23","Satellite",1e-05
"1166","PMM","Temporal_Mid_R_6","56","Connector",0.666646666666667
"1167","PMM","Temporal_Mid_R_6","56","Isolate",1e-05
"1168","PMM","Temporal_Mid_R_6","56","Peripheral",1e-05
"1169","PMM","Temporal_Mid_R_6","56","Provincial",1e-05
"1170","PMM","Temporal_Mid_R_6","56","Satellite",0.333323333333333
"1171","DMN","Temporal_Pole_Mid_R_1","23","Connector",0.285708571428571
"1172","DMN","Temporal_Pole_Mid_R_1","23","Isolate",1e-05
"1173","DMN","Temporal_Pole_Mid_R_1","23","Peripheral",0.0714271428571429
"1174","DMN","Temporal_Pole_Mid_R_1","23","Provincial",1e-05
"1175","DMN","Temporal_Pole_Mid_R_1","23","Satellite",0.642844285714286
"1176","DMN","Temporal_Pole_Mid_R_1","56","Connector",0.666653333333333
"1177","DMN","Temporal_Pole_Mid_R_1","56","Isolate",1e-05
"1178","DMN","Temporal_Pole_Mid_R_1","56","Peripheral",0.0833316666666667
"1179","DMN","Temporal_Pole_Mid_R_1","56","Provincial",1e-05
"1180","DMN","Temporal_Pole_Mid_R_1","56","Satellite",0.249995
"1181","CON","Temporal_Pole_Sup_L","23","Connector",0.333326666666667
"1182","CON","Temporal_Pole_Sup_L","23","Isolate",1e-05
"1183","CON","Temporal_Pole_Sup_L","23","Peripheral",0.333326666666667
"1184","CON","Temporal_Pole_Sup_L","23","Provincial",1e-05
"1185","CON","Temporal_Pole_Sup_L","23","Satellite",0.333326666666667
"1186","CON","Temporal_Pole_Sup_L","56","Connector",0.49999
"1187","CON","Temporal_Pole_Sup_L","56","Isolate",1e-05
"1188","CON","Temporal_Pole_Sup_L","56","Peripheral",0.1249975
"1189","CON","Temporal_Pole_Sup_L","56","Provincial",1e-05
"1190","CON","Temporal_Pole_Sup_L","56","Satellite",0.3749925
"1191","Auditory","Temporal_Sup_L_1","23","Connector",0.461529230769231
"1192","Auditory","Temporal_Sup_L_1","23","Isolate",1e-05
"1193","Auditory","Temporal_Sup_L_1","23","Peripheral",0.153843076923077
"1194","Auditory","Temporal_Sup_L_1","23","Provincial",0.384607692307692
"1195","Auditory","Temporal_Sup_L_1","23","Satellite",1e-05
"1196","Auditory","Temporal_Sup_L_1","56","Connector",0.699979
"1197","Auditory","Temporal_Sup_L_1","56","Isolate",1e-05
"1198","Auditory","Temporal_Sup_L_1","56","Peripheral",0.299991
"1199","Auditory","Temporal_Sup_L_1","56","Provincial",1e-05
"1200","Auditory","Temporal_Sup_L_1","56","Satellite",1e-05
"1201","Language","Temporal_Sup_L_2","23","Connector",0.421048421052632
"1202","Language","Temporal_Sup_L_2","23","Isolate",1e-05
"1203","Language","Temporal_Sup_L_2","23","Peripheral",0.105262105263158
"1204","Language","Temporal_Sup_L_2","23","Provincial",0.421048421052632
"1205","Language","Temporal_Sup_L_2","23","Satellite",0.0526310526315789
"1206","Language","Temporal_Sup_L_2","56","Connector",0.833316666666667
"1207","Language","Temporal_Sup_L_2","56","Isolate",1e-05
"1208","Language","Temporal_Sup_L_2","56","Peripheral",1e-05
"1209","Language","Temporal_Sup_L_2","56","Provincial",0.0833316666666667
"1210","Language","Temporal_Sup_L_2","56","Satellite",0.0833316666666667
"1211","CON","Temporal_Sup_R_1","23","Connector",0.37499625
"1212","CON","Temporal_Sup_R_1","23","Isolate",1e-05
"1213","CON","Temporal_Sup_R_1","23","Peripheral",0.37499625
"1214","CON","Temporal_Sup_R_1","23","Provincial",0.12499875
"1215","CON","Temporal_Sup_R_1","23","Satellite",0.12499875
"1216","CON","Temporal_Sup_R_1","56","Connector",0.454540909090909
"1217","CON","Temporal_Sup_R_1","56","Isolate",1e-05
"1218","CON","Temporal_Sup_R_1","56","Peripheral",0.0909081818181818
"1219","CON","Temporal_Sup_R_1","56","Provincial",0.181816363636364
"1220","CON","Temporal_Sup_R_1","56","Satellite",0.272724545454545
"1221","Auditory","Temporal_Sup_R_2","23","Connector",0.315783157894737
"1222","Auditory","Temporal_Sup_R_2","23","Isolate",1e-05
"1223","Auditory","Temporal_Sup_R_2","23","Peripheral",0.368413684210526
"1224","Auditory","Temporal_Sup_R_2","23","Provincial",1e-05
"1225","Auditory","Temporal_Sup_R_2","23","Satellite",0.315783157894737
"1226","Auditory","Temporal_Sup_R_2","56","Connector",0.33333
"1227","Auditory","Temporal_Sup_R_2","56","Isolate",1e-05
"1228","Auditory","Temporal_Sup_R_2","56","Peripheral",0.066666
"1229","Auditory","Temporal_Sup_R_2","56","Provincial",0.066666
"1230","Auditory","Temporal_Sup_R_2","56","Satellite",0.533328
"1231","Language","Temporal_Sup_R_4","23","Connector",1e-05
"1232","Language","Temporal_Sup_R_4","23","Isolate",1e-05
"1233","Language","Temporal_Sup_R_4","23","Peripheral",0.285705714285714
"1234","Language","Temporal_Sup_R_4","23","Provincial",1e-05
"1235","Language","Temporal_Sup_R_4","23","Satellite",0.714264285714286
"1236","Language","Temporal_Sup_R_4","56","Connector",1e-05
"1237","Language","Temporal_Sup_R_4","56","Isolate",1e-05
"1238","Language","Temporal_Sup_R_4","56","Peripheral",0.199994
"1239","Language","Temporal_Sup_R_4","56","Provincial",1e-05
"1240","Language","Temporal_Sup_R_4","56","Satellite",0.799976
"1241","Language","Temporal_Sup_R_5","23","Connector",0.437495625
"1242","Language","Temporal_Sup_R_5","23","Isolate",1e-05
"1243","Language","Temporal_Sup_R_5","23","Peripheral",0.187498125
"1244","Language","Temporal_Sup_R_5","23","Provincial",0.062499375
"1245","Language","Temporal_Sup_R_5","23","Satellite",0.312496875
"1246","Language","Temporal_Sup_R_5","56","Connector",0.1249975
"1247","Language","Temporal_Sup_R_5","56","Isolate",1e-05
"1248","Language","Temporal_Sup_R_5","56","Peripheral",0.6249875
"1249","Language","Temporal_Sup_R_5","56","Provincial",1e-05
"1250","Language","Temporal_Sup_R_5","56","Satellite",0.249995
"1251","FPN","Thalamus_L_1","23","Connector",0.181818181818182
"1252","FPN","Thalamus_L_1","23","Isolate",0.0909090909090909
"1253","FPN","Thalamus_L_1","23","Peripheral",0.181818181818182
"1254","FPN","Thalamus_L_1","23","Provincial",0.0909090909090909
"1255","FPN","Thalamus_L_1","23","Satellite",0.454545454545455
"1256","FPN","Thalamus_L_1","56","Connector",0.166665
"1257","FPN","Thalamus_L_1","56","Isolate",1e-05
"1258","FPN","Thalamus_L_1","56","Peripheral",0.33333
"1259","FPN","Thalamus_L_1","56","Provincial",0.166665
"1260","FPN","Thalamus_L_1","56","Satellite",0.33333
"1261","Visual_1","Thalamus_L_2","23","Connector",0.599994
"1262","Visual_1","Thalamus_L_2","23","Isolate",1e-05
"1263","Visual_1","Thalamus_L_2","23","Peripheral",0.133332
"1264","Visual_1","Thalamus_L_2","23","Provincial",0.066666
"1265","Visual_1","Thalamus_L_2","23","Satellite",0.199998
"1266","Visual_1","Thalamus_L_2","56","Connector",0.454540909090909
"1267","Visual_1","Thalamus_L_2","56","Isolate",1e-05
"1268","Visual_1","Thalamus_L_2","56","Peripheral",0.272724545454545
"1269","Visual_1","Thalamus_L_2","56","Provincial",0.0909081818181818
"1270","Visual_1","Thalamus_L_2","56","Satellite",0.181816363636364
"1271","Visual_1","Thalamus_R_1","23","Connector",0.363636363636364
"1272","Visual_1","Thalamus_R_1","23","Isolate",0.0909090909090909
"1273","Visual_1","Thalamus_R_1","23","Peripheral",0.0909090909090909
"1274","Visual_1","Thalamus_R_1","23","Provincial",0.181818181818182
"1275","Visual_1","Thalamus_R_1","23","Satellite",0.272727272727273
"1276","Visual_1","Thalamus_R_1","56","Connector",0.571417142857143
"1277","Visual_1","Thalamus_R_1","56","Isolate",1e-05
"1278","Visual_1","Thalamus_R_1","56","Peripheral",1e-05
"1279","Visual_1","Thalamus_R_1","56","Provincial",0.142854285714286
"1280","Visual_1","Thalamus_R_1","56","Satellite",0.285708571428571
"1281","Visual_1","Thalamus_R_2","23","Connector",1e-05
"1282","Visual_1","Thalamus_R_2","23","Isolate",1e-05
"1283","Visual_1","Thalamus_R_2","23","Peripheral",0.799976
"1284","Visual_1","Thalamus_R_2","23","Provincial",1e-05
"1285","Visual_1","Thalamus_R_2","23","Satellite",0.199994
"1286","Visual_1","Thalamus_R_2","56","Connector",1e-05
"1287","Visual_1","Thalamus_R_2","56","Isolate",1e-05
"1288","Visual_1","Thalamus_R_2","56","Peripheral",0.428558571428571
"1289","Visual_1","Thalamus_R_2","56","Provincial",1e-05
"1290","Visual_1","Thalamus_R_2","56","Satellite",0.571411428571429
"1291","FPN","Thalamus_Ven_Ant_Nucleus_R","23","Connector",1e-05
"1292","FPN","Thalamus_Ven_Ant_Nucleus_R","23","Isolate",1e-05
"1293","FPN","Thalamus_Ven_Ant_Nucleus_R","23","Peripheral",0.799976
"1294","FPN","Thalamus_Ven_Ant_Nucleus_R","23","Provincial",1e-05
"1295","FPN","Thalamus_Ven_Ant_Nucleus_R","23","Satellite",0.199994
"1296","FPN","Thalamus_Ven_Ant_Nucleus_R","56","Connector",0.099998
"1297","FPN","Thalamus_Ven_Ant_Nucleus_R","56","Isolate",1e-05
"1298","FPN","Thalamus_Ven_Ant_Nucleus_R","56","Peripheral",0.599988
"1299","FPN","Thalamus_Ven_Ant_Nucleus_R","56","Provincial",1e-05
"1300","FPN","Thalamus_Ven_Ant_Nucleus_R","56","Satellite",0.299994
"1301","Visual_1","Vermis_6","23","Connector",0.181814545454545
"1302","Visual_1","Vermis_6","23","Isolate",1e-05
"1303","Visual_1","Vermis_6","23","Peripheral",0.454536363636364
"1304","Visual_1","Vermis_6","23","Provincial",1e-05
"1305","Visual_1","Vermis_6","23","Satellite",0.363629090909091
"1306","Visual_1","Vermis_6","56","Connector",1e-05
"1307","Visual_1","Vermis_6","56","Isolate",1e-05
"1308","Visual_1","Vermis_6","56","Peripheral",0.7499775
"1309","Visual_1","Vermis_6","56","Provincial",1e-05
"1310","Visual_1","Vermis_6","56","Satellite",0.2499925
